ElementId,Category,Family,Type,Level,Mark,Assembly Code,Assembly Description,Length,Width,Depth,Height,Area,Volume,Weight,Unit Weight,Material,Type Comments,Base Level,Top Level,Base Offset,Top Offset,Comments,Parameter Snapshot
581885,Structural Columns,Concrete-Rectangular-Column,18x18,L -1,,A1010,,,,,,,42.75 CF,,,"Concrete, Cast-in-Place gray",,L -1,L 0,"-4' - 0""","0' - 0""",,"Assembly Code=A1010 | Assembly Description=Standard Foundations | Base Level=L -1 | Base Offset=-4' - 0"" | Column Location Mark=J-10 | Level=L -1 | Structural Material=Concrete, Cast-in-Place gray | System Length=19' - 0"" | Top Level=L 0 | Top Offset=0' - 0"" | Volume=42.75 CF"
581887,Structural Columns,Concrete-Rectangular-Column,18x18,L -1,,A1010,,,,,,,42.75 CF,,,"Concrete, Cast-in-Place gray",,L -1,L 0,"-4' - 0""","0' - 0""",,"Assembly Code=A1010 | Assembly Description=Standard Foundations | Base Level=L -1 | Base Offset=-4' - 0"" | Column Location Mark=F-10 | Level=L -1 | Structural Material=Concrete, Cast-in-Place gray | System Length=19' - 0"" | Top Level=L 0 | Top Offset=0' - 0"" | Volume=42.75 CF"
581899,Structural Columns,Timber-Column,18x18,L -1,,B1010,,,,,,,40.41 CF,,,"Softwood, Lumber",,L -1,L 0,"-4' - 0""","0' - 0""",,"Assembly Code=B1010 | Assembly Description=Floor Construction | Base Level=L -1 | Base Offset=-4' - 0"" | Column Location Mark=D-6 | Level=L -1 | Structural Material=Softwood, Lumber | System Length=19' - 0"" | Top Level=L 0 | Top Offset=0' - 0"" | Volume=40.41 CF"
581900,Structural Columns,Timber-Column,18x18,L -1,,B1010,,,,,,,40.41 CF,,,"Softwood, Lumber",,L -1,L 0,"-4' - 0""","0' - 0""",,"Assembly Code=B1010 | Assembly Description=Floor Construction | Base Level=L -1 | Base Offset=-4' - 0"" | Column Location Mark=B-6 | Level=L -1 | Structural Material=Softwood, Lumber | System Length=19' - 0"" | Top Level=L 0 | Top Offset=0' - 0"" | Volume=40.41 CF"
581901,Structural Columns,Timber-Column,18x18,L -1,,B1010,,,,,,,40.41 CF,,,"Softwood, Lumber",,L -1,L 0,"-4' - 0""","0' - 0""",,"Assembly Code=B1010 | Assembly Description=Floor Construction | Base Level=L -1 | Base Offset=-4' - 0"" | Column Location Mark=J-4 | Level=L -1 | Structural Material=Softwood, Lumber | System Length=19' - 0"" | Top Level=L 0 | Top Offset=0' - 0"" | Volume=40.41 CF"
581902,Structural Columns,Timber-Column,18x18,L -1,,B1010,,,,,,,40.41 CF,,,"Softwood, Lumber",,L -1,L 0,"-4' - 0""","0' - 0""",,"Assembly Code=B1010 | Assembly Description=Floor Construction | Base Level=L -1 | Base Offset=-4' - 0"" | Column Location Mark=H-4 | Level=L -1 | Structural Material=Softwood, Lumber | System Length=19' - 0"" | Top Level=L 0 | Top Offset=0' - 0"" | Volume=40.41 CF"
581903,Structural Columns,Timber-Column,18x18,L -1,,B1010,,,,,,,40.41 CF,,,"Softwood, Lumber",,L -1,L 0,"-4' - 0""","0' - 0""",,"Assembly Code=B1010 | Assembly Description=Floor Construction | Base Level=L -1 | Base Offset=-4' - 0"" | Column Location Mark=F-4 | Level=L -1 | Structural Material=Softwood, Lumber | System Length=19' - 0"" | Top Level=L 0 | Top Offset=0' - 0"" | Volume=40.41 CF"
581904,Structural Columns,Timber-Column,18x18,L -1,,B1010,,,,,,,40.41 CF,,,"Softwood, Lumber",,L -1,L 0,"-4' - 0""","0' - 0""",,"Assembly Code=B1010 | Assembly Description=Floor Construction | Base Level=L -1 | Base Offset=-4' - 0"" | Column Location Mark=D-4 | Level=L -1 | Structural Material=Softwood, Lumber | System Length=19' - 0"" | Top Level=L 0 | Top Offset=0' - 0"" | Volume=40.41 CF"
581905,Structural Columns,Timber-Column,18x18,L -1,,B1010,,,,,,,40.41 CF,,,"Softwood, Lumber",,L -1,L 0,"-4' - 0""","0' - 0""",,"Assembly Code=B1010 | Assembly Description=Floor Construction | Base Level=L -1 | Base Offset=-4' - 0"" | Column Location Mark=B-4 | Level=L -1 | Structural Material=Softwood, Lumber | System Length=19' - 0"" | Top Level=L 0 | Top Offset=0' - 0"" | Volume=40.41 CF"
581906,Structural Columns,Timber-Column,18x18,L -1,,B1010,,,,,,,40.41 CF,,,"Softwood, Lumber",,L -1,L 0,"-4' - 0""","0' - 0""",,"Assembly Code=B1010 | Assembly Description=Floor Construction | Base Level=L -1 | Base Offset=-4' - 0"" | Column Location Mark=J-2 | Level=L -1 | Structural Material=Softwood, Lumber | System Length=19' - 0"" | Top Level=L 0 | Top Offset=0' - 0"" | Volume=40.41 CF"
581907,Structural Columns,Timber-Column,18x18,L -1,,B1010,,,,,,,40.41 CF,,,"Softwood, Lumber",,L -1,L 0,"-4' - 0""","0' - 0""",,"Assembly Code=B1010 | Assembly Description=Floor Construction | Base Level=L -1 | Base Offset=-4' - 0"" | Column Location Mark=H-2 | Level=L -1 | Structural Material=Softwood, Lumber | System Length=19' - 0"" | Top Level=L 0 | Top Offset=0' - 0"" | Volume=40.41 CF"
581908,Structural Columns,Timber-Column,18x18,L -1,,B1010,,,,,,,40.41 CF,,,"Softwood, Lumber",,L -1,L 0,"-4' - 0""","0' - 0""",,"Assembly Code=B1010 | Assembly Description=Floor Construction | Base Level=L -1 | Base Offset=-4' - 0"" | Column Location Mark=F-2 | Level=L -1 | Structural Material=Softwood, Lumber | System Length=19' - 0"" | Top Level=L 0 | Top Offset=0' - 0"" | Volume=40.41 CF"
581909,Structural Columns,Timber-Column,18x18,L -1,,B1010,,,,,,,40.41 CF,,,"Softwood, Lumber",,L -1,L 0,"-4' - 0""","0' - 0""",,"Assembly Code=B1010 | Assembly Description=Floor Construction | Base Level=L -1 | Base Offset=-4' - 0"" | Column Location Mark=D-2 | Level=L -1 | Structural Material=Softwood, Lumber | System Length=19' - 0"" | Top Level=L 0 | Top Offset=0' - 0"" | Volume=40.41 CF"
581910,Structural Columns,Timber-Column,18x18,L -1,,B1010,,,,,,,40.41 CF,,,"Softwood, Lumber",,L -1,L 0,"-4' - 0""","0' - 0""",,"Assembly Code=B1010 | Assembly Description=Floor Construction | Base Level=L -1 | Base Offset=-4' - 0"" | Column Location Mark=B-2 | Level=L -1 | Structural Material=Softwood, Lumber | System Length=19' - 0"" | Top Level=L 0 | Top Offset=0' - 0"" | Volume=40.41 CF"
582082,Structural Columns,Timber-Column,18x18,L 0,,B1010,,,,,,,31.90 CF,,,"Softwood, Lumber",,L 0,L 1,"0' - 0""","0' - 0""",,"Assembly Code=B1010 | Assembly Description=Floor Construction | Base Level=L 0 | Base Offset=0' - 0"" | Column Location Mark=J-10 | Level=L 0 | Structural Material=Softwood, Lumber | System Length=15' - 0"" | Top Level=L 1 | Top Offset=0' - 0"" | Volume=31.90 CF"
582084,Structural Columns,Timber-Column,18x18,L 0,,B1010,,,,,,,31.90 CF,,,"Softwood, Lumber",,L 0,L 1,"0' - 0""","0' - 0""",,"Assembly Code=B1010 | Assembly Description=Floor Construction | Base Level=L 0 | Base Offset=0' - 0"" | Column Location Mark=F-10 | Level=L 0 | Structural Material=Softwood, Lumber | System Length=15' - 0"" | Top Level=L 1 | Top Offset=0' - 0"" | Volume=31.90 CF"
582085,Structural Columns,Timber-Column,18x18,L 0,,B1010,,,,,,,31.90 CF,,,"Softwood, Lumber",,L 0,L 1,"0' - 0""","0' - 0""",,"Assembly Code=B1010 | Assembly Description=Floor Construction | Base Level=L 0 | Base Offset=0' - 0"" | Column Location Mark=J-8 | Level=L 0 | Structural Material=Softwood, Lumber | System Length=15' - 0"" | Top Level=L 1 | Top Offset=0' - 0"" | Volume=31.90 CF"
582087,Structural Columns,Timber-Column,18x18,L 0,,B1010,,,,,,,31.90 CF,,,"Softwood, Lumber",,L 0,L 1,"0' - 0""","0' - 0""",,"Assembly Code=B1010 | Assembly Description=Floor Construction | Base Level=L 0 | Base Offset=0' - 0"" | Column Location Mark=F-8 | Level=L 0 | Structural Material=Softwood, Lumber | System Length=15' - 0"" | Top Level=L 1 | Top Offset=0' - 0"" | Volume=31.90 CF"
582088,Structural Columns,Timber-Column,18x18,L 0,,B1010,,,,,,,31.90 CF,,,"Softwood, Lumber",,L 0,L 1,"0' - 0""","0' - 0""",,"Assembly Code=B1010 | Assembly Description=Floor Construction | Base Level=L 0 | Base Offset=0' - 0"" | Column Location Mark=J-6 | Level=L 0 | Structural Material=Softwood, Lumber | System Length=15' - 0"" | Top Level=L 1 | Top Offset=0' - 0"" | Volume=31.90 CF"
582089,Structural Columns,Timber-Column,18x18,L 0,,B1010,,,,,,,31.90 CF,,,"Softwood, Lumber",,L 0,L 1,"0' - 0""","0' - 0""",,"Assembly Code=B1010 | Assembly Description=Floor Construction | Base Level=L 0 | Base Offset=0' - 0"" | Column Location Mark=H-6 | Level=L 0 | Structural Material=Softwood, Lumber | System Length=15' - 0"" | Top Level=L 1 | Top Offset=0' - 0"" | Volume=31.90 CF"
582090,Structural Columns,Timber-Column,18x18,L 0,,B1010,,,,,,,31.90 CF,,,"Softwood, Lumber",,L 0,L 1,"0' - 0""","0' - 0""",,"Assembly Code=B1010 | Assembly Description=Floor Construction | Base Level=L 0 | Base Offset=0' - 0"" | Column Location Mark=F-6 | Level=L 0 | Structural Material=Softwood, Lumber | System Length=15' - 0"" | Top Level=L 1 | Top Offset=0' - 0"" | Volume=31.90 CF"
582091,Structural Columns,Timber-Column,18x18,L 0,,B1010,,,,,,,31.90 CF,,,"Softwood, Lumber",,L 0,L 1,"0' - 0""","0' - 0""",,"Assembly Code=B1010 | Assembly Description=Floor Construction | Base Level=L 0 | Base Offset=0' - 0"" | Column Location Mark=D-6 | Level=L 0 | Structural Material=Softwood, Lumber | System Length=15' - 0"" | Top Level=L 1 | Top Offset=0' - 0"" | Volume=31.90 CF"
582092,Structural Columns,Timber-Column,18x18,L 0,,B1010,,,,,,,31.90 CF,,,"Softwood, Lumber",,L 0,L 1,"0' - 0""","0' - 0""",,"Assembly Code=B1010 | Assembly Description=Floor Construction | Base Level=L 0 | Base Offset=0' - 0"" | Column Location Mark=B-6 | Level=L 0 | Structural Material=Softwood, Lumber | System Length=15' - 0"" | Top Level=L 1 | Top Offset=0' - 0"" | Volume=31.90 CF"
582093,Structural Columns,Timber-Column,18x18,L 0,,B1010,,,,,,,31.90 CF,,,"Softwood, Lumber",,L 0,L 1,"0' - 0""","0' - 0""",,"Assembly Code=B1010 | Assembly Description=Floor Construction | Base Level=L 0 | Base Offset=0' - 0"" | Column Location Mark=J-4 | Level=L 0 | Structural Material=Softwood, Lumber | System Length=15' - 0"" | Top Level=L 1 | Top Offset=0' - 0"" | Volume=31.90 CF"
582094,Structural Columns,Timber-Column,18x18,L 0,,B1010,,,,,,,31.90 CF,,,"Softwood, Lumber",,L 0,L 1,"0' - 0""","0' - 0""",,"Assembly Code=B1010 | Assembly Description=Floor Construction | Base Level=L 0 | Base Offset=0' - 0"" | Column Location Mark=H-4 | Level=L 0 | Structural Material=Softwood, Lumber | System Length=15' - 0"" | Top Level=L 1 | Top Offset=0' - 0"" | Volume=31.90 CF"
582095,Structural Columns,Timber-Column,18x18,L 0,,B1010,,,,,,,31.90 CF,,,"Softwood, Lumber",,L 0,L 1,"0' - 0""","0' - 0""",,"Assembly Code=B1010 | Assembly Description=Floor Construction | Base Level=L 0 | Base Offset=0' - 0"" | Column Location Mark=F-4 | Level=L 0 | Structural Material=Softwood, Lumber | System Length=15' - 0"" | Top Level=L 1 | Top Offset=0' - 0"" | Volume=31.90 CF"
582096,Structural Columns,Timber-Column,18x18,L 0,,B1010,,,,,,,31.90 CF,,,"Softwood, Lumber",,L 0,L 1,"0' - 0""","0' - 0""",,"Assembly Code=B1010 | Assembly Description=Floor Construction | Base Level=L 0 | Base Offset=0' - 0"" | Column Location Mark=D-4 | Level=L 0 | Structural Material=Softwood, Lumber | System Length=15' - 0"" | Top Level=L 1 | Top Offset=0' - 0"" | Volume=31.90 CF"
582097,Structural Columns,Timber-Column,18x18,L 0,,B1010,,,,,,,31.90 CF,,,"Softwood, Lumber",,L 0,L 1,"0' - 0""","0' - 0""",,"Assembly Code=B1010 | Assembly Description=Floor Construction | Base Level=L 0 | Base Offset=0' - 0"" | Column Location Mark=B-4 | Level=L 0 | Structural Material=Softwood, Lumber | System Length=15' - 0"" | Top Level=L 1 | Top Offset=0' - 0"" | Volume=31.90 CF"
582098,Structural Columns,Timber-Column,18x18,L 0,,B1010,,,,,,,31.90 CF,,,"Softwood, Lumber",,L 0,L 1,"0' - 0""","0' - 0""",,"Assembly Code=B1010 | Assembly Description=Floor Construction | Base Level=L 0 | Base Offset=0' - 0"" | Column Location Mark=J-2 | Level=L 0 | Structural Material=Softwood, Lumber | System Length=15' - 0"" | Top Level=L 1 | Top Offset=0' - 0"" | Volume=31.90 CF"
582099,Structural Columns,Timber-Column,18x18,L 0,,B1010,,,,,,,31.90 CF,,,"Softwood, Lumber",,L 0,L 1,"0' - 0""","0' - 0""",,"Assembly Code=B1010 | Assembly Description=Floor Construction | Base Level=L 0 | Base Offset=0' - 0"" | Column Location Mark=H-2 | Level=L 0 | Structural Material=Softwood, Lumber | System Length=15' - 0"" | Top Level=L 1 | Top Offset=0' - 0"" | Volume=31.90 CF"
582100,Structural Columns,Timber-Column,18x18,L 0,,B1010,,,,,,,31.90 CF,,,"Softwood, Lumber",,L 0,L 1,"0' - 0""","0' - 0""",,"Assembly Code=B1010 | Assembly Description=Floor Construction | Base Level=L 0 | Base Offset=0' - 0"" | Column Location Mark=F-2 | Level=L 0 | Structural Material=Softwood, Lumber | System Length=15' - 0"" | Top Level=L 1 | Top Offset=0' - 0"" | Volume=31.90 CF"
582101,Structural Columns,Timber-Column,18x18,L 0,,B1010,,,,,,,31.90 CF,,,"Softwood, Lumber",,L 0,L 1,"0' - 0""","0' - 0""",,"Assembly Code=B1010 | Assembly Description=Floor Construction | Base Level=L 0 | Base Offset=0' - 0"" | Column Location Mark=D-2 | Level=L 0 | Structural Material=Softwood, Lumber | System Length=15' - 0"" | Top Level=L 1 | Top Offset=0' - 0"" | Volume=31.90 CF"
582102,Structural Columns,Timber-Column,18x18,L 0,,B1010,,,,,,,31.90 CF,,,"Softwood, Lumber",,L 0,L 1,"0' - 0""","0' - 0""",,"Assembly Code=B1010 | Assembly Description=Floor Construction | Base Level=L 0 | Base Offset=0' - 0"" | Column Location Mark=B-2 | Level=L 0 | Structural Material=Softwood, Lumber | System Length=15' - 0"" | Top Level=L 1 | Top Offset=0' - 0"" | Volume=31.90 CF"
582107,Structural Columns,Timber-Column,18x18,L 1,,B1010,,,,,,,31.90 CF,,,"Softwood, Lumber",,L 1,Roof,"0' - 0""","0' - 0""",,"Assembly Code=B1010 | Assembly Description=Floor Construction | Base Level=L 1 | Base Offset=0' - 0"" | Column Location Mark=J-10 | Level=L 1 | Structural Material=Softwood, Lumber | System Length=15' - 0"" | Top Level=Roof | Top Offset=0' - 0"" | Volume=31.90 CF"
582108,Structural Columns,Timber-Column,18x18,L 1,,B1010,,,,,,,31.90 CF,,,"Softwood, Lumber",,L 1,Roof,"0' - 0""","0' - 0""",,"Assembly Code=B1010 | Assembly Description=Floor Construction | Base Level=L 1 | Base Offset=0' - 0"" | Column Location Mark=H-10 | Level=L 1 | Structural Material=Softwood, Lumber | System Length=15' - 0"" | Top Level=Roof | Top Offset=0' - 0"" | Volume=31.90 CF"
582109,Structural Columns,Timber-Column,18x18,L 1,,B1010,,,,,,,31.90 CF,,,"Softwood, Lumber",,L 1,Roof,"0' - 0""","0' - 0""",,"Assembly Code=B1010 | Assembly Description=Floor Construction | Base Level=L 1 | Base Offset=0' - 0"" | Column Location Mark=F-10 | Level=L 1 | Structural Material=Softwood, Lumber | System Length=15' - 0"" | Top Level=Roof | Top Offset=0' - 0"" | Volume=31.90 CF"
582110,Structural Columns,Timber-Column,18x18,L 1,,B1010,,,,,,,31.90 CF,,,"Softwood, Lumber",,L 1,Roof,"0' - 0""","0' - 0""",,"Assembly Code=B1010 | Assembly Description=Floor Construction | Base Level=L 1 | Base Offset=0' - 0"" | Column Location Mark=J-8 | Level=L 1 | Structural Material=Softwood, Lumber | System Length=15' - 0"" | Top Level=Roof | Top Offset=0' - 0"" | Volume=31.90 CF"
582112,Structural Columns,Timber-Column,18x18,L 1,,B1010,,,,,,,31.90 CF,,,"Softwood, Lumber",,L 1,Roof,"0' - 0""","0' - 0""",,"Assembly Code=B1010 | Assembly Description=Floor Construction | Base Level=L 1 | Base Offset=0' - 0"" | Column Location Mark=F-8 | Level=L 1 | Structural Material=Softwood, Lumber | System Length=15' - 0"" | Top Level=Roof | Top Offset=0' - 0"" | Volume=31.90 CF"
582113,Structural Columns,Timber-Column,18x18,L 1,,B1010,,,,,,,31.90 CF,,,"Softwood, Lumber",,L 1,Roof,"0' - 0""","0' - 0""",,"Assembly Code=B1010 | Assembly Description=Floor Construction | Base Level=L 1 | Base Offset=0' - 0"" | Column Location Mark=J-6 | Level=L 1 | Structural Material=Softwood, Lumber | System Length=15' - 0"" | Top Level=Roof | Top Offset=0' - 0"" | Volume=31.90 CF"
582114,Structural Columns,Timber-Column,18x18,L 1,,B1010,,,,,,,31.90 CF,,,"Softwood, Lumber",,L 1,Roof,"0' - 0""","0' - 0""",,"Assembly Code=B1010 | Assembly Description=Floor Construction | Base Level=L 1 | Base Offset=0' - 0"" | Column Location Mark=H-6 | Level=L 1 | Structural Material=Softwood, Lumber | System Length=15' - 0"" | Top Level=Roof | Top Offset=0' - 0"" | Volume=31.90 CF"
582115,Structural Columns,Timber-Column,18x18,L 1,,B1010,,,,,,,31.90 CF,,,"Softwood, Lumber",,L 1,Roof,"0' - 0""","0' - 0""",,"Assembly Code=B1010 | Assembly Description=Floor Construction | Base Level=L 1 | Base Offset=0' - 0"" | Column Location Mark=F-6 | Level=L 1 | Structural Material=Softwood, Lumber | System Length=15' - 0"" | Top Level=Roof | Top Offset=0' - 0"" | Volume=31.90 CF"
582116,Structural Columns,Timber-Column,18x18,L 1,,B1010,,,,,,,31.90 CF,,,"Softwood, Lumber",,L 1,Roof,"0' - 0""","0' - 0""",,"Assembly Code=B1010 | Assembly Description=Floor Construction | Base Level=L 1 | Base Offset=0' - 0"" | Column Location Mark=D-6 | Level=L 1 | Structural Material=Softwood, Lumber | System Length=15' - 0"" | Top Level=Roof | Top Offset=0' - 0"" | Volume=31.90 CF"
582117,Structural Columns,Timber-Column,18x18,L 1,,B1010,,,,,,,31.90 CF,,,"Softwood, Lumber",,L 1,Roof,"0' - 0""","0' - 0""",,"Assembly Code=B1010 | Assembly Description=Floor Construction | Base Level=L 1 | Base Offset=0' - 0"" | Column Location Mark=B-6 | Level=L 1 | Structural Material=Softwood, Lumber | System Length=15' - 0"" | Top Level=Roof | Top Offset=0' - 0"" | Volume=31.90 CF"
582118,Structural Columns,Timber-Column,18x18,L 1,,B1010,,,,,,,31.90 CF,,,"Softwood, Lumber",,L 1,Roof,"0' - 0""","0' - 0""",,"Assembly Code=B1010 | Assembly Description=Floor Construction | Base Level=L 1 | Base Offset=0' - 0"" | Column Location Mark=J-4 | Level=L 1 | Structural Material=Softwood, Lumber | System Length=15' - 0"" | Top Level=Roof | Top Offset=0' - 0"" | Volume=31.90 CF"
582119,Structural Columns,Timber-Column,18x18,L 1,,B1010,,,,,,,31.90 CF,,,"Softwood, Lumber",,L 1,Roof,"0' - 0""","0' - 0""",,"Assembly Code=B1010 | Assembly Description=Floor Construction | Base Level=L 1 | Base Offset=0' - 0"" | Column Location Mark=H-4 | Level=L 1 | Structural Material=Softwood, Lumber | System Length=15' - 0"" | Top Level=Roof | Top Offset=0' - 0"" | Volume=31.90 CF"
582120,Structural Columns,Timber-Column,18x18,L 1,,B1010,,,,,,,31.90 CF,,,"Softwood, Lumber",,L 1,Roof,"0' - 0""","0' - 0""",,"Assembly Code=B1010 | Assembly Description=Floor Construction | Base Level=L 1 | Base Offset=0' - 0"" | Column Location Mark=F-4 | Level=L 1 | Structural Material=Softwood, Lumber | System Length=15' - 0"" | Top Level=Roof | Top Offset=0' - 0"" | Volume=31.90 CF"
582121,Structural Columns,Timber-Column,18x18,L 1,,B1010,,,,,,,31.90 CF,,,"Softwood, Lumber",,L 1,Roof,"0' - 0""","0' - 0""",,"Assembly Code=B1010 | Assembly Description=Floor Construction | Base Level=L 1 | Base Offset=0' - 0"" | Column Location Mark=D-4 | Level=L 1 | Structural Material=Softwood, Lumber | System Length=15' - 0"" | Top Level=Roof | Top Offset=0' - 0"" | Volume=31.90 CF"
582122,Structural Columns,Timber-Column,18x18,L 1,,B1010,,,,,,,31.90 CF,,,"Softwood, Lumber",,L 1,Roof,"0' - 0""","0' - 0""",,"Assembly Code=B1010 | Assembly Description=Floor Construction | Base Level=L 1 | Base Offset=0' - 0"" | Column Location Mark=B-4 | Level=L 1 | Structural Material=Softwood, Lumber | System Length=15' - 0"" | Top Level=Roof | Top Offset=0' - 0"" | Volume=31.90 CF"
582123,Structural Columns,Timber-Column,18x18,L 1,,B1010,,,,,,,31.90 CF,,,"Softwood, Lumber",,L 1,Roof,"0' - 0""","0' - 0""",,"Assembly Code=B1010 | Assembly Description=Floor Construction | Base Level=L 1 | Base Offset=0' - 0"" | Column Location Mark=J-2 | Level=L 1 | Structural Material=Softwood, Lumber | System Length=15' - 0"" | Top Level=Roof | Top Offset=0' - 0"" | Volume=31.90 CF"
582124,Structural Columns,Timber-Column,18x18,L 1,,B1010,,,,,,,31.90 CF,,,"Softwood, Lumber",,L 1,Roof,"0' - 0""","0' - 0""",,"Assembly Code=B1010 | Assembly Description=Floor Construction | Base Level=L 1 | Base Offset=0' - 0"" | Column Location Mark=H-2 | Level=L 1 | Structural Material=Softwood, Lumber | System Length=15' - 0"" | Top Level=Roof | Top Offset=0' - 0"" | Volume=31.90 CF"
582125,Structural Columns,Timber-Column,18x18,L 1,,B1010,,,,,,,31.90 CF,,,"Softwood, Lumber",,L 1,Roof,"0' - 0""","0' - 0""",,"Assembly Code=B1010 | Assembly Description=Floor Construction | Base Level=L 1 | Base Offset=0' - 0"" | Column Location Mark=F-2 | Level=L 1 | Structural Material=Softwood, Lumber | System Length=15' - 0"" | Top Level=Roof | Top Offset=0' - 0"" | Volume=31.90 CF"
582126,Structural Columns,Timber-Column,18x18,L 1,,B1010,,,,,,,31.90 CF,,,"Softwood, Lumber",,L 1,Roof,"0' - 0""","0' - 0""",,"Assembly Code=B1010 | Assembly Description=Floor Construction | Base Level=L 1 | Base Offset=0' - 0"" | Column Location Mark=D-2 | Level=L 1 | Structural Material=Softwood, Lumber | System Length=15' - 0"" | Top Level=Roof | Top Offset=0' - 0"" | Volume=31.90 CF"
582127,Structural Columns,Timber-Column,18x18,L 1,,B1010,,,,,,,31.90 CF,,,"Softwood, Lumber",,L 1,Roof,"0' - 0""","0' - 0""",,"Assembly Code=B1010 | Assembly Description=Floor Construction | Base Level=L 1 | Base Offset=0' - 0"" | Column Location Mark=B-2 | Level=L 1 | Structural Material=Softwood, Lumber | System Length=15' - 0"" | Top Level=Roof | Top Offset=0' - 0"" | Volume=31.90 CF"
583135,Structural Framing,Glulam-Western Species,16x16,,,B1010,,,,,,,101.81 CF,,,"Softwood, Lumber",,,,,,,"Assembly Code=B1010 | Assembly Description=Floor Construction | Cut Length=57' - 3 1/4"" | End Level Offset=-0' - 10"" | Reference Level=L 0 | Reference Level Elevation=0' - 0"" | Start Level Offset=-0' - 10"" | Structural Material=Softwood, Lumber | System Length=58' - 0"" | Volume=101.81 CF | y Offset Value=0' - 0"" | z Offset Value=0' - 0"""
583346,Structural Framing,Glulam-Western Species,16x16,,,B1010,,,,,,,48.96 CF,,,"Softwood, Lumber",,,,,,,"Assembly Code=B1010 | Assembly Description=Floor Construction | Cut Length=27' - 6 1/2"" | End Level Offset=-0' - 10"" | Reference Level=L 0 | Reference Level Elevation=0' - 0"" | Start Level Offset=-0' - 10"" | Structural Material=Softwood, Lumber | System Length=29' - 0"" | Volume=48.96 CF | y Offset Value=0' - 0"" | z Offset Value=0' - 0"""
583347,Structural Framing,Glulam-Western Species,16x16,,,B1010,,,,,,,49.07 CF,,,"Softwood, Lumber",,,,,,,"Assembly Code=B1010 | Assembly Description=Floor Construction | Cut Length=27' - 7 1/4"" | End Level Offset=-0' - 10"" | Reference Level=L 0 | Reference Level Elevation=0' - 0"" | Start Level Offset=-0' - 10"" | Structural Material=Softwood, Lumber | System Length=29' - 0"" | Volume=49.07 CF | y Offset Value=0' - 0"" | z Offset Value=0' - 0"""
583348,Structural Framing,Glulam-Western Species,16x16,,,B1010,,,,,,,50.37 CF,,,"Softwood, Lumber",,,,,,,"Assembly Code=B1010 | Assembly Description=Floor Construction | Cut Length=28' - 4"" | End Level Offset=-0' - 10"" | Reference Level=L 0 | Reference Level Elevation=0' - 0"" | Start Level Offset=-0' - 10"" | Structural Material=Softwood, Lumber | System Length=29' - 0"" | Volume=50.37 CF | y Offset Value=0' - 0"" | z Offset Value=0' - 0"""
583349,Structural Framing,Glulam-Western Species,16x16,,,B1010,,,,,,,50.37 CF,,,"Softwood, Lumber",,,,,,,"Assembly Code=B1010 | Assembly Description=Floor Construction | Cut Length=28' - 4"" | End Level Offset=-0' - 10"" | Reference Level=L 0 | Reference Level Elevation=0' - 0"" | Start Level Offset=-0' - 10"" | Structural Material=Softwood, Lumber | System Length=29' - 0"" | Volume=50.37 CF | y Offset Value=0' - 0"" | z Offset Value=0' - 0"""
583350,Structural Framing,Glulam-Western Species,16x16,,,B1010,,,,,,,48.96 CF,,,"Softwood, Lumber",,,,,,,"Assembly Code=B1010 | Assembly Description=Floor Construction | Cut Length=27' - 6 1/2"" | End Level Offset=-0' - 10"" | Reference Level=L 0 | Reference Level Elevation=0' - 0"" | Start Level Offset=-0' - 10"" | Structural Material=Softwood, Lumber | System Length=29' - 0"" | Volume=48.96 CF | y Offset Value=0' - 0"" | z Offset Value=0' - 0"""
583351,Structural Framing,Glulam-Western Species,16x16,,,B1010,,,,,,,48.96 CF,,,"Softwood, Lumber",,,,,,,"Assembly Code=B1010 | Assembly Description=Floor Construction | Cut Length=27' - 6 1/2"" | End Level Offset=-0' - 10"" | Reference Level=L 0 | Reference Level Elevation=0' - 0"" | Start Level Offset=-0' - 10"" | Structural Material=Softwood, Lumber | System Length=29' - 0"" | Volume=48.96 CF | y Offset Value=0' - 0"" | z Offset Value=0' - 0"""
583352,Structural Framing,Glulam-Western Species,16x16,,,B1010,,,,,,,48.96 CF,,,"Softwood, Lumber",,,,,,,"Assembly Code=B1010 | Assembly Description=Floor Construction | Cut Length=27' - 6 1/2"" | End Level Offset=-0' - 10"" | Reference Level=L 0 | Reference Level Elevation=0' - 0"" | Start Level Offset=-0' - 10"" | Structural Material=Softwood, Lumber | System Length=29' - 0"" | Volume=48.96 CF | y Offset Value=0' - 0"" | z Offset Value=0' - 0"""
583353,Structural Framing,Glulam-Western Species,16x16,,,B1010,,,,,,,48.96 CF,,,"Softwood, Lumber",,,,,,,"Assembly Code=B1010 | Assembly Description=Floor Construction | Cut Length=27' - 6 1/2"" | End Level Offset=-0' - 10"" | Reference Level=L 0 | Reference Level Elevation=0' - 0"" | Start Level Offset=-0' - 10"" | Structural Material=Softwood, Lumber | System Length=29' - 0"" | Volume=48.96 CF | y Offset Value=0' - 0"" | z Offset Value=0' - 0"""
583354,Structural Framing,Glulam-Western Species,16x16,,,B1010,,,,,,,48.96 CF,,,"Softwood, Lumber",,,,,,,"Assembly Code=B1010 | Assembly Description=Floor Construction | Cut Length=27' - 6 1/2"" | End Level Offset=-0' - 10"" | Reference Level=L 0 | Reference Level Elevation=0' - 0"" | Start Level Offset=-0' - 10"" | Structural Material=Softwood, Lumber | System Length=29' - 0"" | Volume=48.96 CF | y Offset Value=0' - 0"" | z Offset Value=0' - 0"""
583355,Structural Framing,Glulam-Western Species,16x16,,,B1010,,,,,,,48.96 CF,,,"Softwood, Lumber",,,,,,,"Assembly Code=B1010 | Assembly Description=Floor Construction | Cut Length=27' - 6 1/2"" | End Level Offset=-0' - 10"" | Reference Level=L 0 | Reference Level Elevation=0' - 0"" | Start Level Offset=-0' - 10"" | Structural Material=Softwood, Lumber | System Length=29' - 0"" | Volume=48.96 CF | y Offset Value=0' - 0"" | z Offset Value=0' - 0"""
583356,Structural Framing,Glulam-Western Species,16x16,,,B1010,,,,,,,48.96 CF,,,"Softwood, Lumber",,,,,,,"Assembly Code=B1010 | Assembly Description=Floor Construction | Cut Length=27' - 6 1/2"" | End Level Offset=-0' - 10"" | Reference Level=L 0 | Reference Level Elevation=0' - 0"" | Start Level Offset=-0' - 10"" | Structural Material=Softwood, Lumber | System Length=29' - 0"" | Volume=48.96 CF | y Offset Value=0' - 0"" | z Offset Value=0' - 0"""
583357,Structural Framing,Glulam-Western Species,16x16,,,B1010,,,,,,,48.96 CF,,,"Softwood, Lumber",,,,,,,"Assembly Code=B1010 | Assembly Description=Floor Construction | Cut Length=27' - 6 1/2"" | End Level Offset=-0' - 10"" | Reference Level=L 0 | Reference Level Elevation=0' - 0"" | Start Level Offset=-0' - 10"" | Structural Material=Softwood, Lumber | System Length=29' - 0"" | Volume=48.96 CF | y Offset Value=0' - 0"" | z Offset Value=0' - 0"""
583360,Structural Framing,Glulam-Western Species,16x16,,,B1010,,,,,,,49.07 CF,,,"Softwood, Lumber",,,,,,,"Assembly Code=B1010 | Assembly Description=Floor Construction | Cut Length=27' - 7 1/4"" | End Level Offset=-0' - 10"" | Reference Level=L 0 | Reference Level Elevation=0' - 0"" | Start Level Offset=-0' - 10"" | Structural Material=Softwood, Lumber | System Length=29' - 0"" | Volume=49.07 CF | y Offset Value=0' - 0"" | z Offset Value=0' - 0"""
583361,Structural Framing,Glulam-Western Species,16x16,,,B1010,,,,,,,48.96 CF,,,"Softwood, Lumber",,,,,,,"Assembly Code=B1010 | Assembly Description=Floor Construction | Cut Length=27' - 6 1/2"" | End Level Offset=-0' - 10"" | Reference Level=L 0 | Reference Level Elevation=0' - 0"" | Start Level Offset=-0' - 10"" | Structural Material=Softwood, Lumber | System Length=29' - 0"" | Volume=48.96 CF | y Offset Value=0' - 0"" | z Offset Value=0' - 0"""
583364,Structural Framing,Glulam-Western Species,16x16,,,B1010,,,,,,,49.07 CF,,,"Softwood, Lumber",,,,,,,"Assembly Code=B1010 | Assembly Description=Floor Construction | Cut Length=27' - 7 1/4"" | End Level Offset=-0' - 10"" | Reference Level=L 0 | Reference Level Elevation=0' - 0"" | Start Level Offset=-0' - 10"" | Structural Material=Softwood, Lumber | System Length=29' - 0"" | Volume=49.07 CF | y Offset Value=0' - 0"" | z Offset Value=0' - 0"""
583365,Structural Framing,Glulam-Western Species,16x16,,,B1010,,,,,,,48.96 CF,,,"Softwood, Lumber",,,,,,,"Assembly Code=B1010 | Assembly Description=Floor Construction | Cut Length=27' - 6 1/2"" | End Level Offset=-0' - 10"" | Reference Level=L 0 | Reference Level Elevation=0' - 0"" | Start Level Offset=-0' - 10"" | Structural Material=Softwood, Lumber | System Length=29' - 0"" | Volume=48.96 CF | y Offset Value=0' - 0"" | z Offset Value=0' - 0"""
583368,Structural Framing,Glulam-Western Species,16x16,,,B1010,,,,,,,49.07 CF,,,"Softwood, Lumber",,,,,,,"Assembly Code=B1010 | Assembly Description=Floor Construction | Cut Length=27' - 7 1/4"" | End Level Offset=-0' - 10"" | Reference Level=L 0 | Reference Level Elevation=0' - 0"" | Start Level Offset=-0' - 10"" | Structural Material=Softwood, Lumber | System Length=29' - 0"" | Volume=49.07 CF | y Offset Value=0' - 0"" | z Offset Value=0' - 0"""
583369,Structural Framing,Glulam-Western Species,16x16,,,B1010,,,,,,,48.96 CF,,,"Softwood, Lumber",,,,,,,"Assembly Code=B1010 | Assembly Description=Floor Construction | Cut Length=27' - 6 1/2"" | End Level Offset=-0' - 10"" | Reference Level=L 0 | Reference Level Elevation=0' - 0"" | Start Level Offset=-0' - 10"" | Structural Material=Softwood, Lumber | System Length=29' - 0"" | Volume=48.96 CF | y Offset Value=0' - 0"" | z Offset Value=0' - 0"""
583370,Structural Framing,Glulam-Western Species,16x16,,,B1010,,,,,,,48.96 CF,,,"Softwood, Lumber",,,,,,,"Assembly Code=B1010 | Assembly Description=Floor Construction | Cut Length=27' - 6 1/2"" | End Level Offset=-0' - 10"" | Reference Level=L 0 | Reference Level Elevation=0' - 0"" | Start Level Offset=-0' - 10"" | Structural Material=Softwood, Lumber | System Length=29' - 0"" | Volume=48.96 CF | y Offset Value=0' - 0"" | z Offset Value=0' - 0"""
583371,Structural Framing,Glulam-Western Species,16x16,,,B1010,,,,,,,48.96 CF,,,"Softwood, Lumber",,,,,,,"Assembly Code=B1010 | Assembly Description=Floor Construction | Cut Length=27' - 6 1/2"" | End Level Offset=-0' - 10"" | Reference Level=L 0 | Reference Level Elevation=0' - 0"" | Start Level Offset=-0' - 10"" | Structural Material=Softwood, Lumber | System Length=29' - 0"" | Volume=48.96 CF | y Offset Value=0' - 0"" | z Offset Value=0' - 0"""
583588,Structural Framing,Glulam-Western Species,16x16,,,B1010,,,,,,,101.81 CF,,,"Softwood, Lumber",,,,,,,"Assembly Code=B1010 | Assembly Description=Floor Construction | Cut Length=57' - 3 1/4"" | End Level Offset=-0' - 10"" | Reference Level=L 1 | Reference Level Elevation=15' - 0"" | Start Level Offset=-0' - 10"" | Structural Material=Softwood, Lumber | System Length=58' - 0"" | Volume=101.81 CF | y Offset Value=0' - 0"" | z Offset Value=0' - 0"""
583593,Structural Framing,Glulam-Western Species,16x16,,,B1010,,,,,,,48.96 CF,,,"Softwood, Lumber",,,,,,,"Assembly Code=B1010 | Assembly Description=Floor Construction | Cut Length=27' - 6 1/2"" | End Level Offset=-0' - 10"" | Reference Level=L 1 | Reference Level Elevation=15' - 0"" | Start Level Offset=-0' - 10"" | Structural Material=Softwood, Lumber | System Length=29' - 0"" | Volume=48.96 CF | y Offset Value=0' - 0"" | z Offset Value=0' - 0"""
583594,Structural Framing,Glulam-Western Species,16x16,,,B1010,,,,,,,48.96 CF,,,"Softwood, Lumber",,,,,,,"Assembly Code=B1010 | Assembly Description=Floor Construction | Cut Length=27' - 6 1/2"" | End Level Offset=-0' - 10"" | Reference Level=L 1 | Reference Level Elevation=15' - 0"" | Start Level Offset=-0' - 10"" | Structural Material=Softwood, Lumber | System Length=29' - 0"" | Volume=48.96 CF | y Offset Value=0' - 0"" | z Offset Value=0' - 0"""
583595,Structural Framing,Glulam-Western Species,16x16,,,B1010,,,,,,,48.96 CF,,,"Softwood, Lumber",,,,,,,"Assembly Code=B1010 | Assembly Description=Floor Construction | Cut Length=27' - 6 1/2"" | End Level Offset=-0' - 10"" | Reference Level=L 1 | Reference Level Elevation=15' - 0"" | Start Level Offset=-0' - 10"" | Structural Material=Softwood, Lumber | System Length=29' - 0"" | Volume=48.96 CF | y Offset Value=0' - 0"" | z Offset Value=0' - 0"""
583596,Structural Framing,Glulam-Western Species,16x16,,,B1010,,,,,,,48.96 CF,,,"Softwood, Lumber",,,,,,,"Assembly Code=B1010 | Assembly Description=Floor Construction | Cut Length=27' - 6 1/2"" | End Level Offset=-0' - 10"" | Reference Level=L 1 | Reference Level Elevation=15' - 0"" | Start Level Offset=-0' - 10"" | Structural Material=Softwood, Lumber | System Length=29' - 0"" | Volume=48.96 CF | y Offset Value=0' - 0"" | z Offset Value=0' - 0"""
583597,Structural Framing,Glulam-Western Species,16x16,,,B1010,,,,,,,48.96 CF,,,"Softwood, Lumber",,,,,,,"Assembly Code=B1010 | Assembly Description=Floor Construction | Cut Length=27' - 6 1/2"" | End Level Offset=-0' - 10"" | Reference Level=L 1 | Reference Level Elevation=15' - 0"" | Start Level Offset=-0' - 10"" | Structural Material=Softwood, Lumber | System Length=29' - 0"" | Volume=48.96 CF | y Offset Value=0' - 0"" | z Offset Value=0' - 0"""
583598,Structural Framing,Glulam-Western Species,16x16,,,B1010,,,,,,,48.96 CF,,,"Softwood, Lumber",,,,,,,"Assembly Code=B1010 | Assembly Description=Floor Construction | Cut Length=27' - 6 1/2"" | End Level Offset=-0' - 10"" | Reference Level=L 1 | Reference Level Elevation=15' - 0"" | Start Level Offset=-0' - 10"" | Structural Material=Softwood, Lumber | System Length=29' - 0"" | Volume=48.96 CF | y Offset Value=0' - 0"" | z Offset Value=0' - 0"""
583599,Structural Framing,Glulam-Western Species,16x16,,,B1010,,,,,,,48.96 CF,,,"Softwood, Lumber",,,,,,,"Assembly Code=B1010 | Assembly Description=Floor Construction | Cut Length=27' - 6 1/2"" | End Level Offset=-0' - 10"" | Reference Level=L 1 | Reference Level Elevation=15' - 0"" | Start Level Offset=-0' - 10"" | Structural Material=Softwood, Lumber | System Length=29' - 0"" | Volume=48.96 CF | y Offset Value=0' - 0"" | z Offset Value=0' - 0"""
583600,Structural Framing,Glulam-Western Species,16x16,,,B1010,,,,,,,48.96 CF,,,"Softwood, Lumber",,,,,,,"Assembly Code=B1010 | Assembly Description=Floor Construction | Cut Length=27' - 6 1/2"" | End Level Offset=-0' - 10"" | Reference Level=L 1 | Reference Level Elevation=15' - 0"" | Start Level Offset=-0' - 10"" | Structural Material=Softwood, Lumber | System Length=29' - 0"" | Volume=48.96 CF | y Offset Value=0' - 0"" | z Offset Value=0' - 0"""
583601,Structural Framing,Glulam-Western Species,16x16,,,B1010,,,,,,,48.96 CF,,,"Softwood, Lumber",,,,,,,"Assembly Code=B1010 | Assembly Description=Floor Construction | Cut Length=27' - 6 1/2"" | End Level Offset=-0' - 10"" | Reference Level=L 1 | Reference Level Elevation=15' - 0"" | Start Level Offset=-0' - 10"" | Structural Material=Softwood, Lumber | System Length=29' - 0"" | Volume=48.96 CF | y Offset Value=0' - 0"" | z Offset Value=0' - 0"""
583602,Structural Framing,Glulam-Western Species,16x16,,,B1010,,,,,,,48.96 CF,,,"Softwood, Lumber",,,,,,,"Assembly Code=B1010 | Assembly Description=Floor Construction | Cut Length=27' - 6 1/2"" | End Level Offset=-0' - 10"" | Reference Level=L 1 | Reference Level Elevation=15' - 0"" | Start Level Offset=-0' - 10"" | Structural Material=Softwood, Lumber | System Length=29' - 0"" | Volume=48.96 CF | y Offset Value=0' - 0"" | z Offset Value=0' - 0"""
583603,Structural Framing,Glulam-Western Species,16x16,,,B1010,,,,,,,48.96 CF,,,"Softwood, Lumber",,,,,,,"Assembly Code=B1010 | Assembly Description=Floor Construction | Cut Length=27' - 6 1/2"" | End Level Offset=-0' - 10"" | Reference Level=L 1 | Reference Level Elevation=15' - 0"" | Start Level Offset=-0' - 10"" | Structural Material=Softwood, Lumber | System Length=29' - 0"" | Volume=48.96 CF | y Offset Value=0' - 0"" | z Offset Value=0' - 0"""
583604,Structural Framing,Glulam-Western Species,16x16,,,B1010,,,,,,,48.96 CF,,,"Softwood, Lumber",,,,,,,"Assembly Code=B1010 | Assembly Description=Floor Construction | Cut Length=27' - 6 1/2"" | End Level Offset=-0' - 10"" | Reference Level=L 1 | Reference Level Elevation=15' - 0"" | Start Level Offset=-0' - 10"" | Structural Material=Softwood, Lumber | System Length=29' - 0"" | Volume=48.96 CF | y Offset Value=0' - 0"" | z Offset Value=0' - 0"""
583605,Structural Framing,Glulam-Western Species,16x16,,,B1010,,,,,,,48.96 CF,,,"Softwood, Lumber",,,,,,,"Assembly Code=B1010 | Assembly Description=Floor Construction | Cut Length=27' - 6 1/2"" | End Level Offset=-0' - 10"" | Reference Level=L 1 | Reference Level Elevation=15' - 0"" | Start Level Offset=-0' - 10"" | Structural Material=Softwood, Lumber | System Length=29' - 0"" | Volume=48.96 CF | y Offset Value=0' - 0"" | z Offset Value=0' - 0"""
583606,Structural Framing,Glulam-Western Species,16x16,,,B1010,,,,,,,48.96 CF,,,"Softwood, Lumber",,,,,,,"Assembly Code=B1010 | Assembly Description=Floor Construction | Cut Length=27' - 6 1/2"" | End Level Offset=-0' - 10"" | Reference Level=L 1 | Reference Level Elevation=15' - 0"" | Start Level Offset=-0' - 10"" | Structural Material=Softwood, Lumber | System Length=29' - 0"" | Volume=48.96 CF | y Offset Value=0' - 0"" | z Offset Value=0' - 0"""
583607,Structural Framing,Glulam-Western Species,16x16,,,B1010,,,,,,,48.96 CF,,,"Softwood, Lumber",,,,,,,"Assembly Code=B1010 | Assembly Description=Floor Construction | Cut Length=27' - 6 1/2"" | End Level Offset=-0' - 10"" | Reference Level=L 1 | Reference Level Elevation=15' - 0"" | Start Level Offset=-0' - 10"" | Structural Material=Softwood, Lumber | System Length=29' - 0"" | Volume=48.96 CF | y Offset Value=0' - 0"" | z Offset Value=0' - 0"""
583608,Structural Framing,Glulam-Western Species,16x16,,,B1010,,,,,,,48.96 CF,,,"Softwood, Lumber",,,,,,,"Assembly Code=B1010 | Assembly Description=Floor Construction | Cut Length=27' - 6 1/2"" | End Level Offset=-0' - 10"" | Reference Level=L 1 | Reference Level Elevation=15' - 0"" | Start Level Offset=-0' - 10"" | Structural Material=Softwood, Lumber | System Length=29' - 0"" | Volume=48.96 CF | y Offset Value=0' - 0"" | z Offset Value=0' - 0"""
583611,Structural Framing,Glulam-Western Species,16x16,,,B1010,,,,,,,48.96 CF,,,"Softwood, Lumber",,,,,,,"Assembly Code=B1010 | Assembly Description=Floor Construction | Cut Length=27' - 6 1/2"" | End Level Offset=-0' - 10"" | Reference Level=L 1 | Reference Level Elevation=15' - 0"" | Start Level Offset=-0' - 10"" | Structural Material=Softwood, Lumber | System Length=29' - 0"" | Volume=48.96 CF | y Offset Value=0' - 0"" | z Offset Value=0' - 0"""
583612,Structural Framing,Glulam-Western Species,16x16,,,B1010,,,,,,,48.96 CF,,,"Softwood, Lumber",,,,,,,"Assembly Code=B1010 | Assembly Description=Floor Construction | Cut Length=27' - 6 1/2"" | End Level Offset=-0' - 10"" | Reference Level=L 1 | Reference Level Elevation=15' - 0"" | Start Level Offset=-0' - 10"" | Structural Material=Softwood, Lumber | System Length=29' - 0"" | Volume=48.96 CF | y Offset Value=0' - 0"" | z Offset Value=0' - 0"""
583613,Structural Framing,Glulam-Western Species,16x16,,,B1010,,,,,,,48.96 CF,,,"Softwood, Lumber",,,,,,,"Assembly Code=B1010 | Assembly Description=Floor Construction | Cut Length=27' - 6 1/2"" | End Level Offset=-0' - 10"" | Reference Level=L 1 | Reference Level Elevation=15' - 0"" | Start Level Offset=-0' - 10"" | Structural Material=Softwood, Lumber | System Length=29' - 0"" | Volume=48.96 CF | y Offset Value=0' - 0"" | z Offset Value=0' - 0"""
583614,Structural Framing,Glulam-Western Species,16x16,,,B1010,,,,,,,48.96 CF,,,"Softwood, Lumber",,,,,,,"Assembly Code=B1010 | Assembly Description=Floor Construction | Cut Length=27' - 6 1/2"" | End Level Offset=-0' - 10"" | Reference Level=L 1 | Reference Level Elevation=15' - 0"" | Start Level Offset=-0' - 10"" | Structural Material=Softwood, Lumber | System Length=29' - 0"" | Volume=48.96 CF | y Offset Value=0' - 0"" | z Offset Value=0' - 0"""
583615,Structural Framing,Glulam-Western Species,16x16,,,B1010,,,,,,,48.96 CF,,,"Softwood, Lumber",,,,,,,"Assembly Code=B1010 | Assembly Description=Floor Construction | Cut Length=27' - 6 1/2"" | End Level Offset=-0' - 10"" | Reference Level=L 1 | Reference Level Elevation=15' - 0"" | Start Level Offset=-0' - 10"" | Structural Material=Softwood, Lumber | System Length=29' - 0"" | Volume=48.96 CF | y Offset Value=0' - 0"" | z Offset Value=0' - 0"""
583616,Structural Framing,Glulam-Western Species,16x16,,,B1010,,,,,,,48.96 CF,,,"Softwood, Lumber",,,,,,,"Assembly Code=B1010 | Assembly Description=Floor Construction | Cut Length=27' - 6 1/2"" | End Level Offset=-0' - 10"" | Reference Level=L 1 | Reference Level Elevation=15' - 0"" | Start Level Offset=-0' - 10"" | Structural Material=Softwood, Lumber | System Length=29' - 0"" | Volume=48.96 CF | y Offset Value=0' - 0"" | z Offset Value=0' - 0"""
583617,Structural Framing,Glulam-Western Species,16x16,,,B1010,,,,,,,48.96 CF,,,"Softwood, Lumber",,,,,,,"Assembly Code=B1010 | Assembly Description=Floor Construction | Cut Length=27' - 6 1/2"" | End Level Offset=-0' - 10"" | Reference Level=L 1 | Reference Level Elevation=15' - 0"" | Start Level Offset=-0' - 10"" | Structural Material=Softwood, Lumber | System Length=29' - 0"" | Volume=48.96 CF | y Offset Value=0' - 0"" | z Offset Value=0' - 0"""
583618,Structural Framing,Glulam-Western Species,16x16,,,B1010,,,,,,,48.96 CF,,,"Softwood, Lumber",,,,,,,"Assembly Code=B1010 | Assembly Description=Floor Construction | Cut Length=27' - 6 1/2"" | End Level Offset=-0' - 10"" | Reference Level=L 1 | Reference Level Elevation=15' - 0"" | Start Level Offset=-0' - 10"" | Structural Material=Softwood, Lumber | System Length=29' - 0"" | Volume=48.96 CF | y Offset Value=0' - 0"" | z Offset Value=0' - 0"""
583622,Structural Framing,Glulam-Western Species,16x16,,,B1010,,,,,,,101.81 CF,,,"Softwood, Lumber",,,,,,,"Assembly Code=B1010 | Assembly Description=Floor Construction | Cut Length=57' - 3 1/4"" | End Level Offset=-0' - 10"" | Reference Level=Roof | Reference Level Elevation=30' - 0"" | Start Level Offset=-0' - 10"" | Structural Material=Softwood, Lumber | System Length=58' - 0"" | Volume=101.81 CF | y Offset Value=0' - 0"" | z Offset Value=0' - 0"""
583623,Structural Framing,Glulam-Western Species,16x16,,,B1010,,,,,,,48.96 CF,,,"Softwood, Lumber",,,,,,,"Assembly Code=B1010 | Assembly Description=Floor Construction | Cut Length=27' - 6 1/2"" | End Level Offset=-0' - 10"" | Reference Level=Roof | Reference Level Elevation=30' - 0"" | Start Level Offset=-0' - 10"" | Structural Material=Softwood, Lumber | System Length=29' - 0"" | Volume=48.96 CF | y Offset Value=0' - 0"" | z Offset Value=0' - 0"""
583624,Structural Framing,Glulam-Western Species,16x16,,,B1010,,,,,,,48.96 CF,,,"Softwood, Lumber",,,,,,,"Assembly Code=B1010 | Assembly Description=Floor Construction | Cut Length=27' - 6 1/2"" | End Level Offset=-0' - 10"" | Reference Level=Roof | Reference Level Elevation=30' - 0"" | Start Level Offset=-0' - 10"" | Structural Material=Softwood, Lumber | System Length=29' - 0"" | Volume=48.96 CF | y Offset Value=0' - 0"" | z Offset Value=0' - 0"""
583627,Structural Framing,Glulam-Western Species,16x16,,,B1010,,,,,,,48.96 CF,,,"Softwood, Lumber",,,,,,,"Assembly Code=B1010 | Assembly Description=Floor Construction | Cut Length=27' - 6 1/2"" | End Level Offset=-0' - 10"" | Reference Level=Roof | Reference Level Elevation=30' - 0"" | Start Level Offset=-0' - 10"" | Structural Material=Softwood, Lumber | System Length=29' - 0"" | Volume=48.96 CF | y Offset Value=0' - 0"" | z Offset Value=0' - 0"""
583628,Structural Framing,Glulam-Western Species,16x16,,,B1010,,,,,,,48.96 CF,,,"Softwood, Lumber",,,,,,,"Assembly Code=B1010 | Assembly Description=Floor Construction | Cut Length=27' - 6 1/2"" | End Level Offset=-0' - 10"" | Reference Level=Roof | Reference Level Elevation=30' - 0"" | Start Level Offset=-0' - 10"" | Structural Material=Softwood, Lumber | System Length=29' - 0"" | Volume=48.96 CF | y Offset Value=0' - 0"" | z Offset Value=0' - 0"""
583629,Structural Framing,Glulam-Western Species,16x16,,,B1010,,,,,,,48.96 CF,,,"Softwood, Lumber",,,,,,,"Assembly Code=B1010 | Assembly Description=Floor Construction | Cut Length=27' - 6 1/2"" | End Level Offset=-0' - 10"" | Reference Level=Roof | Reference Level Elevation=30' - 0"" | Start Level Offset=-0' - 10"" | Structural Material=Softwood, Lumber | System Length=29' - 0"" | Volume=48.96 CF | y Offset Value=0' - 0"" | z Offset Value=0' - 0"""
583630,Structural Framing,Glulam-Western Species,16x16,,,B1010,,,,,,,48.96 CF,,,"Softwood, Lumber",,,,,,,"Assembly Code=B1010 | Assembly Description=Floor Construction | Cut Length=27' - 6 1/2"" | End Level Offset=-0' - 10"" | Reference Level=Roof | Reference Level Elevation=30' - 0"" | Start Level Offset=-0' - 10"" | Structural Material=Softwood, Lumber | System Length=29' - 0"" | Volume=48.96 CF | y Offset Value=0' - 0"" | z Offset Value=0' - 0"""
583631,Structural Framing,Glulam-Western Species,16x16,,,B1010,,,,,,,48.96 CF,,,"Softwood, Lumber",,,,,,,"Assembly Code=B1010 | Assembly Description=Floor Construction | Cut Length=27' - 6 1/2"" | End Level Offset=-0' - 10"" | Reference Level=Roof | Reference Level Elevation=30' - 0"" | Start Level Offset=-0' - 10"" | Structural Material=Softwood, Lumber | System Length=29' - 0"" | Volume=48.96 CF | y Offset Value=0' - 0"" | z Offset Value=0' - 0"""
583632,Structural Framing,Glulam-Western Species,16x16,,,B1010,,,,,,,48.96 CF,,,"Softwood, Lumber",,,,,,,"Assembly Code=B1010 | Assembly Description=Floor Construction | Cut Length=27' - 6 1/2"" | End Level Offset=-0' - 10"" | Reference Level=Roof | Reference Level Elevation=30' - 0"" | Start Level Offset=-0' - 10"" | Structural Material=Softwood, Lumber | System Length=29' - 0"" | Volume=48.96 CF | y Offset Value=0' - 0"" | z Offset Value=0' - 0"""
583633,Structural Framing,Glulam-Western Species,16x16,,,B1010,,,,,,,48.96 CF,,,"Softwood, Lumber",,,,,,,"Assembly Code=B1010 | Assembly Description=Floor Construction | Cut Length=27' - 6 1/2"" | End Level Offset=-0' - 10"" | Reference Level=Roof | Reference Level Elevation=30' - 0"" | Start Level Offset=-0' - 10"" | Structural Material=Softwood, Lumber | System Length=29' - 0"" | Volume=48.96 CF | y Offset Value=0' - 0"" | z Offset Value=0' - 0"""
583634,Structural Framing,Glulam-Western Species,16x16,,,B1010,,,,,,,48.96 CF,,,"Softwood, Lumber",,,,,,,"Assembly Code=B1010 | Assembly Description=Floor Construction | Cut Length=27' - 6 1/2"" | End Level Offset=-0' - 10"" | Reference Level=Roof | Reference Level Elevation=30' - 0"" | Start Level Offset=-0' - 10"" | Structural Material=Softwood, Lumber | System Length=29' - 0"" | Volume=48.96 CF | y Offset Value=0' - 0"" | z Offset Value=0' - 0"""
583635,Structural Framing,Glulam-Western Species,16x16,,,B1010,,,,,,,48.96 CF,,,"Softwood, Lumber",,,,,,,"Assembly Code=B1010 | Assembly Description=Floor Construction | Cut Length=27' - 6 1/2"" | End Level Offset=-0' - 10"" | Reference Level=Roof | Reference Level Elevation=30' - 0"" | Start Level Offset=-0' - 10"" | Structural Material=Softwood, Lumber | System Length=29' - 0"" | Volume=48.96 CF | y Offset Value=0' - 0"" | z Offset Value=0' - 0"""
583636,Structural Framing,Glulam-Western Species,16x16,,,B1010,,,,,,,48.96 CF,,,"Softwood, Lumber",,,,,,,"Assembly Code=B1010 | Assembly Description=Floor Construction | Cut Length=27' - 6 1/2"" | End Level Offset=-0' - 10"" | Reference Level=Roof | Reference Level Elevation=30' - 0"" | Start Level Offset=-0' - 10"" | Structural Material=Softwood, Lumber | System Length=29' - 0"" | Volume=48.96 CF | y Offset Value=0' - 0"" | z Offset Value=0' - 0"""
583637,Structural Framing,Glulam-Western Species,16x16,,,B1010,,,,,,,48.96 CF,,,"Softwood, Lumber",,,,,,,"Assembly Code=B1010 | Assembly Description=Floor Construction | Cut Length=27' - 6 1/2"" | End Level Offset=-0' - 10"" | Reference Level=Roof | Reference Level Elevation=30' - 0"" | Start Level Offset=-0' - 10"" | Structural Material=Softwood, Lumber | System Length=29' - 0"" | Volume=48.96 CF | y Offset Value=0' - 0"" | z Offset Value=0' - 0"""
583638,Structural Framing,Glulam-Western Species,16x16,,,B1010,,,,,,,48.96 CF,,,"Softwood, Lumber",,,,,,,"Assembly Code=B1010 | Assembly Description=Floor Construction | Cut Length=27' - 6 1/2"" | End Level Offset=-0' - 10"" | Reference Level=Roof | Reference Level Elevation=30' - 0"" | Start Level Offset=-0' - 10"" | Structural Material=Softwood, Lumber | System Length=29' - 0"" | Volume=48.96 CF | y Offset Value=0' - 0"" | z Offset Value=0' - 0"""
583639,Structural Framing,Glulam-Western Species,16x16,,,B1010,,,,,,,48.96 CF,,,"Softwood, Lumber",,,,,,,"Assembly Code=B1010 | Assembly Description=Floor Construction | Cut Length=27' - 6 1/2"" | End Level Offset=-0' - 10"" | Reference Level=Roof | Reference Level Elevation=30' - 0"" | Start Level Offset=-0' - 10"" | Structural Material=Softwood, Lumber | System Length=29' - 0"" | Volume=48.96 CF | y Offset Value=0' - 0"" | z Offset Value=0' - 0"""
583640,Structural Framing,Glulam-Western Species,16x16,,,B1010,,,,,,,48.96 CF,,,"Softwood, Lumber",,,,,,,"Assembly Code=B1010 | Assembly Description=Floor Construction | Cut Length=27' - 6 1/2"" | End Level Offset=-0' - 10"" | Reference Level=Roof | Reference Level Elevation=30' - 0"" | Start Level Offset=-0' - 10"" | Structural Material=Softwood, Lumber | System Length=29' - 0"" | Volume=48.96 CF | y Offset Value=0' - 0"" | z Offset Value=0' - 0"""
583641,Structural Framing,Glulam-Western Species,16x16,,,B1010,,,,,,,48.96 CF,,,"Softwood, Lumber",,,,,,,"Assembly Code=B1010 | Assembly Description=Floor Construction | Cut Length=27' - 6 1/2"" | End Level Offset=-0' - 10"" | Reference Level=Roof | Reference Level Elevation=30' - 0"" | Start Level Offset=-0' - 10"" | Structural Material=Softwood, Lumber | System Length=29' - 0"" | Volume=48.96 CF | y Offset Value=0' - 0"" | z Offset Value=0' - 0"""
583642,Structural Framing,Glulam-Western Species,16x16,,,B1010,,,,,,,48.96 CF,,,"Softwood, Lumber",,,,,,,"Assembly Code=B1010 | Assembly Description=Floor Construction | Cut Length=27' - 6 1/2"" | End Level Offset=-0' - 10"" | Reference Level=Roof | Reference Level Elevation=30' - 0"" | Start Level Offset=-0' - 10"" | Structural Material=Softwood, Lumber | System Length=29' - 0"" | Volume=48.96 CF | y Offset Value=0' - 0"" | z Offset Value=0' - 0"""
583645,Structural Framing,Glulam-Western Species,16x16,,,B1010,,,,,,,48.96 CF,,,"Softwood, Lumber",,,,,,,"Assembly Code=B1010 | Assembly Description=Floor Construction | Cut Length=27' - 6 1/2"" | End Level Offset=-0' - 10"" | Reference Level=Roof | Reference Level Elevation=30' - 0"" | Start Level Offset=-0' - 10"" | Structural Material=Softwood, Lumber | System Length=29' - 0"" | Volume=48.96 CF | y Offset Value=0' - 0"" | z Offset Value=0' - 0"""
583646,Structural Framing,Glulam-Western Species,16x16,,,B1010,,,,,,,48.96 CF,,,"Softwood, Lumber",,,,,,,"Assembly Code=B1010 | Assembly Description=Floor Construction | Cut Length=27' - 6 1/2"" | End Level Offset=-0' - 10"" | Reference Level=Roof | Reference Level Elevation=30' - 0"" | Start Level Offset=-0' - 10"" | Structural Material=Softwood, Lumber | System Length=29' - 0"" | Volume=48.96 CF | y Offset Value=0' - 0"" | z Offset Value=0' - 0"""
583647,Structural Framing,Glulam-Western Species,16x16,,,B1010,,,,,,,48.96 CF,,,"Softwood, Lumber",,,,,,,"Assembly Code=B1010 | Assembly Description=Floor Construction | Cut Length=27' - 6 1/2"" | End Level Offset=-0' - 10"" | Reference Level=Roof | Reference Level Elevation=30' - 0"" | Start Level Offset=-0' - 10"" | Structural Material=Softwood, Lumber | System Length=29' - 0"" | Volume=48.96 CF | y Offset Value=0' - 0"" | z Offset Value=0' - 0"""
583648,Structural Framing,Glulam-Western Species,16x16,,,B1010,,,,,,,48.96 CF,,,"Softwood, Lumber",,,,,,,"Assembly Code=B1010 | Assembly Description=Floor Construction | Cut Length=27' - 6 1/2"" | End Level Offset=-0' - 10"" | Reference Level=Roof | Reference Level Elevation=30' - 0"" | Start Level Offset=-0' - 10"" | Structural Material=Softwood, Lumber | System Length=29' - 0"" | Volume=48.96 CF | y Offset Value=0' - 0"" | z Offset Value=0' - 0"""
583649,Structural Framing,Glulam-Western Species,16x16,,,B1010,,,,,,,48.96 CF,,,"Softwood, Lumber",,,,,,,"Assembly Code=B1010 | Assembly Description=Floor Construction | Cut Length=27' - 6 1/2"" | End Level Offset=-0' - 10"" | Reference Level=Roof | Reference Level Elevation=30' - 0"" | Start Level Offset=-0' - 10"" | Structural Material=Softwood, Lumber | System Length=29' - 0"" | Volume=48.96 CF | y Offset Value=0' - 0"" | z Offset Value=0' - 0"""
583650,Structural Framing,Glulam-Western Species,16x16,,,B1010,,,,,,,48.96 CF,,,"Softwood, Lumber",,,,,,,"Assembly Code=B1010 | Assembly Description=Floor Construction | Cut Length=27' - 6 1/2"" | End Level Offset=-0' - 10"" | Reference Level=Roof | Reference Level Elevation=30' - 0"" | Start Level Offset=-0' - 10"" | Structural Material=Softwood, Lumber | System Length=29' - 0"" | Volume=48.96 CF | y Offset Value=0' - 0"" | z Offset Value=0' - 0"""
583651,Structural Framing,Glulam-Western Species,16x16,,,B1010,,,,,,,48.96 CF,,,"Softwood, Lumber",,,,,,,"Assembly Code=B1010 | Assembly Description=Floor Construction | Cut Length=27' - 6 1/2"" | End Level Offset=-0' - 10"" | Reference Level=Roof | Reference Level Elevation=30' - 0"" | Start Level Offset=-0' - 10"" | Structural Material=Softwood, Lumber | System Length=29' - 0"" | Volume=48.96 CF | y Offset Value=0' - 0"" | z Offset Value=0' - 0"""
583652,Structural Framing,Glulam-Western Species,16x16,,,B1010,,,,,,,48.96 CF,,,"Softwood, Lumber",,,,,,,"Assembly Code=B1010 | Assembly Description=Floor Construction | Cut Length=27' - 6 1/2"" | End Level Offset=-0' - 10"" | Reference Level=Roof | Reference Level Elevation=30' - 0"" | Start Level Offset=-0' - 10"" | Structural Material=Softwood, Lumber | System Length=29' - 0"" | Volume=48.96 CF | y Offset Value=0' - 0"" | z Offset Value=0' - 0"""
591535,Structural Foundations,Footing-Rectangular,"36"" x 36"" x 12""",L -1,,,,"3' - 0""","3' - 0""",,,9 SF,9.00 CF,,,"Concrete, Cast-in-Place gray",,,,,,,"Area=9 SF | Foundation Thickness=1' - 0"" | Height Offset From Level=-4' - 0"" | Length=3' - 0"" | Level=L -1 | Structural Material=Concrete, Cast-in-Place gray | Volume=9.00 CF | Width=3' - 0"""
591536,Structural Foundations,Footing-Rectangular,"36"" x 36"" x 12""",L -1,,,,"3' - 0""","3' - 0""",,,9 SF,9.00 CF,,,"Concrete, Cast-in-Place gray",,,,,,,"Area=9 SF | Foundation Thickness=1' - 0"" | Height Offset From Level=-4' - 0"" | Length=3' - 0"" | Level=L -1 | Structural Material=Concrete, Cast-in-Place gray | Volume=9.00 CF | Width=3' - 0"""
591537,Structural Foundations,Footing-Rectangular,"36"" x 36"" x 12""",L -1,,,,"3' - 0""","3' - 0""",,,9 SF,9.00 CF,,,"Concrete, Cast-in-Place gray",,,,,,,"Area=9 SF | Foundation Thickness=1' - 0"" | Height Offset From Level=-4' - 0"" | Length=3' - 0"" | Level=L -1 | Structural Material=Concrete, Cast-in-Place gray | Volume=9.00 CF | Width=3' - 0"""
591538,Structural Foundations,Footing-Rectangular,"36"" x 36"" x 12""",L -1,,,,"3' - 0""","3' - 0""",,,9 SF,9.00 CF,,,"Concrete, Cast-in-Place gray",,,,,,,"Area=9 SF | Foundation Thickness=1' - 0"" | Height Offset From Level=-4' - 0"" | Length=3' - 0"" | Level=L -1 | Structural Material=Concrete, Cast-in-Place gray | Volume=9.00 CF | Width=3' - 0"""
591542,Structural Foundations,Footing-Rectangular,"36"" x 36"" x 12""",L -1,,,,"3' - 0""","3' - 0""",,,9 SF,9.00 CF,,,"Concrete, Cast-in-Place gray",,,,,,,"Area=9 SF | Foundation Thickness=1' - 0"" | Height Offset From Level=-4' - 0"" | Length=3' - 0"" | Level=L -1 | Structural Material=Concrete, Cast-in-Place gray | Volume=9.00 CF | Width=3' - 0"""
591543,Structural Foundations,Footing-Rectangular,"36"" x 36"" x 12""",L -1,,,,"3' - 0""","3' - 0""",,,9 SF,9.00 CF,,,"Concrete, Cast-in-Place gray",,,,,,,"Area=9 SF | Foundation Thickness=1' - 0"" | Height Offset From Level=-4' - 0"" | Length=3' - 0"" | Level=L -1 | Structural Material=Concrete, Cast-in-Place gray | Volume=9.00 CF | Width=3' - 0"""
591544,Structural Foundations,Footing-Rectangular,"36"" x 36"" x 12""",L -1,,,,"3' - 0""","3' - 0""",,,9 SF,9.00 CF,,,"Concrete, Cast-in-Place gray",,,,,,,"Area=9 SF | Foundation Thickness=1' - 0"" | Height Offset From Level=-4' - 0"" | Length=3' - 0"" | Level=L -1 | Structural Material=Concrete, Cast-in-Place gray | Volume=9.00 CF | Width=3' - 0"""
591545,Structural Foundations,Footing-Rectangular,"36"" x 36"" x 12""",L -1,,,,"3' - 0""","3' - 0""",,,9 SF,9.00 CF,,,"Concrete, Cast-in-Place gray",,,,,,,"Area=9 SF | Foundation Thickness=1' - 0"" | Height Offset From Level=-4' - 0"" | Length=3' - 0"" | Level=L -1 | Structural Material=Concrete, Cast-in-Place gray | Volume=9.00 CF | Width=3' - 0"""
591546,Structural Foundations,Footing-Rectangular,"36"" x 36"" x 12""",L -1,,,,"3' - 0""","3' - 0""",,,9 SF,9.00 CF,,,"Concrete, Cast-in-Place gray",,,,,,,"Area=9 SF | Foundation Thickness=1' - 0"" | Height Offset From Level=-4' - 0"" | Length=3' - 0"" | Level=L -1 | Structural Material=Concrete, Cast-in-Place gray | Volume=9.00 CF | Width=3' - 0"""
591547,Structural Foundations,Footing-Rectangular,"36"" x 36"" x 12""",L -1,,,,"3' - 0""","3' - 0""",,,9 SF,9.00 CF,,,"Concrete, Cast-in-Place gray",,,,,,,"Area=9 SF | Foundation Thickness=1' - 0"" | Height Offset From Level=-4' - 0"" | Length=3' - 0"" | Level=L -1 | Structural Material=Concrete, Cast-in-Place gray | Volume=9.00 CF | Width=3' - 0"""
591548,Structural Foundations,Footing-Rectangular,"36"" x 36"" x 12""",L -1,,,,"3' - 0""","3' - 0""",,,9 SF,9.00 CF,,,"Concrete, Cast-in-Place gray",,,,,,,"Area=9 SF | Foundation Thickness=1' - 0"" | Height Offset From Level=-4' - 0"" | Length=3' - 0"" | Level=L -1 | Structural Material=Concrete, Cast-in-Place gray | Volume=9.00 CF | Width=3' - 0"""
591549,Structural Foundations,Footing-Rectangular,"36"" x 36"" x 12""",L -1,,,,"3' - 0""","3' - 0""",,,9 SF,9.00 CF,,,"Concrete, Cast-in-Place gray",,,,,,,"Area=9 SF | Foundation Thickness=1' - 0"" | Height Offset From Level=-4' - 0"" | Length=3' - 0"" | Level=L -1 | Structural Material=Concrete, Cast-in-Place gray | Volume=9.00 CF | Width=3' - 0"""
591550,Structural Foundations,Footing-Rectangular,"36"" x 36"" x 12""",L -1,,,,"3' - 0""","3' - 0""",,,9 SF,9.00 CF,,,"Concrete, Cast-in-Place gray",,,,,,,"Area=9 SF | Foundation Thickness=1' - 0"" | Height Offset From Level=-4' - 0"" | Length=3' - 0"" | Level=L -1 | Structural Material=Concrete, Cast-in-Place gray | Volume=9.00 CF | Width=3' - 0"""
591551,Structural Foundations,Footing-Rectangular,"36"" x 36"" x 12""",L -1,,,,"3' - 0""","3' - 0""",,,9 SF,9.00 CF,,,"Concrete, Cast-in-Place gray",,,,,,,"Area=9 SF | Foundation Thickness=1' - 0"" | Height Offset From Level=-4' - 0"" | Length=3' - 0"" | Level=L -1 | Structural Material=Concrete, Cast-in-Place gray | Volume=9.00 CF | Width=3' - 0"""
591552,Structural Foundations,Footing-Rectangular,"36"" x 36"" x 12""",L -1,,,,"3' - 0""","3' - 0""",,,9 SF,9.00 CF,,,"Concrete, Cast-in-Place gray",,,,,,,"Area=9 SF | Foundation Thickness=1' - 0"" | Height Offset From Level=-4' - 0"" | Length=3' - 0"" | Level=L -1 | Structural Material=Concrete, Cast-in-Place gray | Volume=9.00 CF | Width=3' - 0"""
591553,Structural Foundations,Footing-Rectangular,"36"" x 36"" x 12""",L -1,,,,"3' - 0""","3' - 0""",,,9 SF,9.00 CF,,,"Concrete, Cast-in-Place gray",,,,,,,"Area=9 SF | Foundation Thickness=1' - 0"" | Height Offset From Level=-4' - 0"" | Length=3' - 0"" | Level=L -1 | Structural Material=Concrete, Cast-in-Place gray | Volume=9.00 CF | Width=3' - 0"""
591738,Structural Framing,Concrete-Rectangular Beam,16 x 16,,,A1010,,,,,,,48.81 CF,,,"Concrete, Cast-in-Place gray",,,,,,,"Assembly Code=A1010 | Assembly Description=Standard Foundations | Cut Length=27' - 5 1/2"" | End Level Offset=0' - 0"" | Reference Level=L -1 | Reference Level Elevation=-15' - 0"" | Start Level Offset=0' - 0"" | Structural Material=Concrete, Cast-in-Place gray | System Length=29' - 0"" | Volume=48.81 CF | y Offset Value=0' - 0"" | z Offset Value=0' - 0"""
591739,Structural Framing,Concrete-Rectangular Beam,16 x 16,,,A1010,,,,,,,48.81 CF,,,"Concrete, Cast-in-Place gray",,,,,,,"Assembly Code=A1010 | Assembly Description=Standard Foundations | Cut Length=27' - 5 1/2"" | End Level Offset=0' - 0"" | Reference Level=L -1 | Reference Level Elevation=-15' - 0"" | Start Level Offset=0' - 0"" | Structural Material=Concrete, Cast-in-Place gray | System Length=29' - 0"" | Volume=48.81 CF | y Offset Value=0' - 0"" | z Offset Value=0' - 0"""
591740,Structural Framing,Concrete-Rectangular Beam,16 x 16,,,A1010,,,,,,,48.81 CF,,,"Concrete, Cast-in-Place gray",,,,,,,"Assembly Code=A1010 | Assembly Description=Standard Foundations | Cut Length=27' - 5 1/2"" | End Level Offset=0' - 0"" | Reference Level=L -1 | Reference Level Elevation=-15' - 0"" | Start Level Offset=0' - 0"" | Structural Material=Concrete, Cast-in-Place gray | System Length=29' - 0"" | Volume=48.81 CF | y Offset Value=0' - 0"" | z Offset Value=0' - 0"""
591741,Structural Framing,Concrete-Rectangular Beam,16 x 16,,,A1010,,,,,,,48.81 CF,,,"Concrete, Cast-in-Place gray",,,,,,,"Assembly Code=A1010 | Assembly Description=Standard Foundations | Cut Length=27' - 5 1/2"" | End Level Offset=0' - 0"" | Reference Level=L -1 | Reference Level Elevation=-15' - 0"" | Start Level Offset=0' - 0"" | Structural Material=Concrete, Cast-in-Place gray | System Length=29' - 0"" | Volume=48.81 CF | y Offset Value=0' - 0"" | z Offset Value=0' - 0"""
591742,Structural Framing,Concrete-Rectangular Beam,16 x 16,,,A1010,,,,,,,48.81 CF,,,"Concrete, Cast-in-Place gray",,,,,,,"Assembly Code=A1010 | Assembly Description=Standard Foundations | Cut Length=27' - 5 1/2"" | End Level Offset=0' - 0"" | Reference Level=L -1 | Reference Level Elevation=-15' - 0"" | Start Level Offset=0' - 0"" | Structural Material=Concrete, Cast-in-Place gray | System Length=29' - 0"" | Volume=48.81 CF | y Offset Value=0' - 0"" | z Offset Value=0' - 0"""
591743,Structural Framing,Concrete-Rectangular Beam,16 x 16,,,A1010,,,,,,,48.81 CF,,,"Concrete, Cast-in-Place gray",,,,,,,"Assembly Code=A1010 | Assembly Description=Standard Foundations | Cut Length=27' - 5 1/2"" | End Level Offset=0' - 0"" | Reference Level=L -1 | Reference Level Elevation=-15' - 0"" | Start Level Offset=0' - 0"" | Structural Material=Concrete, Cast-in-Place gray | System Length=29' - 0"" | Volume=48.81 CF | y Offset Value=0' - 0"" | z Offset Value=0' - 0"""
591744,Structural Framing,Concrete-Rectangular Beam,16 x 16,,,A1010,,,,,,,48.81 CF,,,"Concrete, Cast-in-Place gray",,,,,,,"Assembly Code=A1010 | Assembly Description=Standard Foundations | Cut Length=27' - 5 1/2"" | End Level Offset=0' - 0"" | Reference Level=L -1 | Reference Level Elevation=-15' - 0"" | Start Level Offset=0' - 0"" | Structural Material=Concrete, Cast-in-Place gray | System Length=29' - 0"" | Volume=48.81 CF | y Offset Value=0' - 0"" | z Offset Value=0' - 0"""
591745,Structural Framing,Concrete-Rectangular Beam,16 x 16,,,A1010,,,,,,,48.81 CF,,,"Concrete, Cast-in-Place gray",,,,,,,"Assembly Code=A1010 | Assembly Description=Standard Foundations | Cut Length=27' - 5 1/2"" | End Level Offset=0' - 0"" | Reference Level=L -1 | Reference Level Elevation=-15' - 0"" | Start Level Offset=0' - 0"" | Structural Material=Concrete, Cast-in-Place gray | System Length=29' - 0"" | Volume=48.81 CF | y Offset Value=0' - 0"" | z Offset Value=0' - 0"""
591746,Structural Framing,Concrete-Rectangular Beam,16 x 16,,,A1010,,,,,,,48.81 CF,,,"Concrete, Cast-in-Place gray",,,,,,,"Assembly Code=A1010 | Assembly Description=Standard Foundations | Cut Length=27' - 5 1/2"" | End Level Offset=0' - 0"" | Reference Level=L -1 | Reference Level Elevation=-15' - 0"" | Start Level Offset=0' - 0"" | Structural Material=Concrete, Cast-in-Place gray | System Length=29' - 0"" | Volume=48.81 CF | y Offset Value=0' - 0"" | z Offset Value=0' - 0"""
591747,Structural Framing,Concrete-Rectangular Beam,16 x 16,,,A1010,,,,,,,51.37 CF,,,"Concrete, Cast-in-Place gray",,,,,,,"Assembly Code=A1010 | Assembly Description=Standard Foundations | Cut Length=28' - 10 3/4"" | End Level Offset=0' - 0"" | Reference Level=L -1 | Reference Level Elevation=-15' - 0"" | Start Level Offset=0' - 0"" | Structural Material=Concrete, Cast-in-Place gray | System Length=29' - 0"" | Volume=51.37 CF | y Offset Value=0' - 0"" | z Offset Value=0' - 0"""
591748,Structural Framing,Concrete-Rectangular Beam,16 x 16,,,A1010,,,,,,,0.11 CF,,,"Concrete, Cast-in-Place gray",,,,,,,"Assembly Code=A1010 | Assembly Description=Standard Foundations | Cut Length=0' - 0 3/4"" | End Level Offset=0' - 0"" | Reference Level=L -1 | Reference Level Elevation=-15' - 0"" | Start Level Offset=0' - 0"" | Structural Material=Concrete, Cast-in-Place gray | System Length=29' - 0"" | Volume=0.11 CF | y Offset Value=0' - 0"" | z Offset Value=0' - 0"""
591750,Structural Framing,Concrete-Rectangular Beam,16 x 16,,,A1010,,,,,,,48.81 CF,,,"Concrete, Cast-in-Place gray",,,,,,,"Assembly Code=A1010 | Assembly Description=Standard Foundations | Cut Length=27' - 5 1/2"" | End Level Offset=0' - 0"" | Reference Level=L -1 | Reference Level Elevation=-15' - 0"" | Start Level Offset=0' - 0"" | Structural Material=Concrete, Cast-in-Place gray | System Length=29' - 0"" | Volume=48.81 CF | y Offset Value=0' - 0"" | z Offset Value=0' - 0"""
591751,Structural Framing,Concrete-Rectangular Beam,16 x 16,,,A1010,,,,,,,48.81 CF,,,"Concrete, Cast-in-Place gray",,,,,,,"Assembly Code=A1010 | Assembly Description=Standard Foundations | Cut Length=27' - 5 1/2"" | End Level Offset=0' - 0"" | Reference Level=L -1 | Reference Level Elevation=-15' - 0"" | Start Level Offset=0' - 0"" | Structural Material=Concrete, Cast-in-Place gray | System Length=29' - 0"" | Volume=48.81 CF | y Offset Value=0' - 0"" | z Offset Value=0' - 0"""
591752,Structural Framing,Concrete-Rectangular Beam,16 x 16,,,A1010,,,,,,,49.04 CF,,,"Concrete, Cast-in-Place gray",,,,,,,"Assembly Code=A1010 | Assembly Description=Standard Foundations | Cut Length=27' - 7"" | End Level Offset=0' - 0"" | Reference Level=L -1 | Reference Level Elevation=-15' - 0"" | Start Level Offset=0' - 0"" | Structural Material=Concrete, Cast-in-Place gray | System Length=29' - 0"" | Volume=49.04 CF | y Offset Value=0' - 0"" | z Offset Value=0' - 0"""
591753,Structural Framing,Concrete-Rectangular Beam,16 x 16,,,A1010,,,,,,,,,,"Concrete, Cast-in-Place gray",,,,,,,"Assembly Code=A1010 | Assembly Description=Standard Foundations | Cut Length=29' - 0"" | End Level Offset=0' - 0"" | Reference Level=L -1 | Reference Level Elevation=-15' - 0"" | Start Level Offset=0' - 0"" | Structural Material=Concrete, Cast-in-Place gray | System Length=29' - 0"" | y Offset Value=0' - 0"" | z Offset Value=0' - 0"""
591754,Structural Framing,Concrete-Rectangular Beam,16 x 16,,,A1010,,,,,,,49.00 CF,,,"Concrete, Cast-in-Place gray",,,,,,,"Assembly Code=A1010 | Assembly Description=Standard Foundations | Cut Length=27' - 6 3/4"" | End Level Offset=0' - 0"" | Reference Level=L -1 | Reference Level Elevation=-15' - 0"" | Start Level Offset=0' - 0"" | Structural Material=Concrete, Cast-in-Place gray | System Length=29' - 0"" | Volume=49.00 CF | y Offset Value=0' - 0"" | z Offset Value=0' - 0"""
591755,Structural Framing,Concrete-Rectangular Beam,16 x 16,,,A1010,,,,,,,48.81 CF,,,"Concrete, Cast-in-Place gray",,,,,,,"Assembly Code=A1010 | Assembly Description=Standard Foundations | Cut Length=27' - 5 1/2"" | End Level Offset=0' - 0"" | Reference Level=L -1 | Reference Level Elevation=-15' - 0"" | Start Level Offset=0' - 0"" | Structural Material=Concrete, Cast-in-Place gray | System Length=29' - 0"" | Volume=48.81 CF | y Offset Value=0' - 0"" | z Offset Value=0' - 0"""
591756,Structural Framing,Concrete-Rectangular Beam,16 x 16,,,A1010,,,,,,,48.89 CF,,,"Concrete, Cast-in-Place gray",,,,,,,"Assembly Code=A1010 | Assembly Description=Standard Foundations | Cut Length=27' - 6"" | End Level Offset=0' - 0"" | Reference Level=L -1 | Reference Level Elevation=-15' - 0"" | Start Level Offset=0' - 0"" | Structural Material=Concrete, Cast-in-Place gray | System Length=29' - 0"" | Volume=48.89 CF | y Offset Value=0' - 0"" | z Offset Value=0' - 0"""
591757,Structural Framing,Concrete-Rectangular Beam,16 x 16,,,A1010,,,,,,,49.04 CF,,,"Concrete, Cast-in-Place gray",,,,,,,"Assembly Code=A1010 | Assembly Description=Standard Foundations | Cut Length=27' - 7"" | End Level Offset=0' - 0"" | Reference Level=L -1 | Reference Level Elevation=-15' - 0"" | Start Level Offset=0' - 0"" | Structural Material=Concrete, Cast-in-Place gray | System Length=29' - 0"" | Volume=49.04 CF | y Offset Value=0' - 0"" | z Offset Value=0' - 0"""
591758,Structural Framing,Concrete-Rectangular Beam,16 x 16,,,A1010,,,,,,,49.00 CF,,,"Concrete, Cast-in-Place gray",,,,,,,"Assembly Code=A1010 | Assembly Description=Standard Foundations | Cut Length=27' - 6 3/4"" | End Level Offset=0' - 0"" | Reference Level=L -1 | Reference Level Elevation=-15' - 0"" | Start Level Offset=0' - 0"" | Structural Material=Concrete, Cast-in-Place gray | System Length=29' - 0"" | Volume=49.00 CF | y Offset Value=0' - 0"" | z Offset Value=0' - 0"""
591759,Structural Framing,Concrete-Rectangular Beam,16 x 16,,,A1010,,,,,,,48.81 CF,,,"Concrete, Cast-in-Place gray",,,,,,,"Assembly Code=A1010 | Assembly Description=Standard Foundations | Cut Length=27' - 5 1/2"" | End Level Offset=0' - 0"" | Reference Level=L -1 | Reference Level Elevation=-15' - 0"" | Start Level Offset=0' - 0"" | Structural Material=Concrete, Cast-in-Place gray | System Length=29' - 0"" | Volume=48.81 CF | y Offset Value=0' - 0"" | z Offset Value=0' - 0"""
591760,Structural Framing,Concrete-Rectangular Beam,16 x 16,,,A1010,,,,,,,48.81 CF,,,"Concrete, Cast-in-Place gray",,,,,,,"Assembly Code=A1010 | Assembly Description=Standard Foundations | Cut Length=27' - 5 1/2"" | End Level Offset=0' - 0"" | Reference Level=L -1 | Reference Level Elevation=-15' - 0"" | Start Level Offset=0' - 0"" | Structural Material=Concrete, Cast-in-Place gray | System Length=29' - 0"" | Volume=48.81 CF | y Offset Value=0' - 0"" | z Offset Value=0' - 0"""
591761,Structural Framing,Concrete-Rectangular Beam,16 x 16,,,A1010,,,,,,,48.81 CF,,,"Concrete, Cast-in-Place gray",,,,,,,"Assembly Code=A1010 | Assembly Description=Standard Foundations | Cut Length=27' - 5 1/2"" | End Level Offset=0' - 0"" | Reference Level=L -1 | Reference Level Elevation=-15' - 0"" | Start Level Offset=0' - 0"" | Structural Material=Concrete, Cast-in-Place gray | System Length=29' - 0"" | Volume=48.81 CF | y Offset Value=0' - 0"" | z Offset Value=0' - 0"""
591762,Structural Framing,Concrete-Rectangular Beam,16 x 16,,,A1010,,,,,,,97.78 CF,,,"Concrete, Cast-in-Place gray",,,,,,,"Assembly Code=A1010 | Assembly Description=Standard Foundations | Cut Length=56' - 6"" | End Level Offset=0' - 0"" | Reference Level=L -1 | Reference Level Elevation=-15' - 0"" | Start Level Offset=0' - 0"" | Structural Material=Concrete, Cast-in-Place gray | System Length=58' - 0"" | Volume=97.78 CF | y Offset Value=0' - 0"" | z Offset Value=0' - 0"""
591765,Structural Framing,Concrete-Rectangular Beam,16 x 16,,,A1010,,,,,,,49.00 CF,,,"Concrete, Cast-in-Place gray",,,,,,,"Assembly Code=A1010 | Assembly Description=Standard Foundations | Cut Length=27' - 6 3/4"" | End Level Offset=0' - 0"" | Reference Level=L -1 | Reference Level Elevation=-15' - 0"" | Start Level Offset=0' - 0"" | Structural Material=Concrete, Cast-in-Place gray | System Length=29' - 0"" | Volume=49.00 CF | y Offset Value=0' - 0"" | z Offset Value=0' - 0"""
591766,Structural Framing,Concrete-Rectangular Beam,16 x 16,,,A1010,,,,,,,48.81 CF,,,"Concrete, Cast-in-Place gray",,,,,,,"Assembly Code=A1010 | Assembly Description=Standard Foundations | Cut Length=27' - 5 1/2"" | End Level Offset=0' - 0"" | Reference Level=L -1 | Reference Level Elevation=-15' - 0"" | Start Level Offset=0' - 0"" | Structural Material=Concrete, Cast-in-Place gray | System Length=29' - 0"" | Volume=48.81 CF | y Offset Value=0' - 0"" | z Offset Value=0' - 0"""
594323,Structural Framing,Glulam-Western Species,16x16,,,B1010,,,,,,,100.52 CF,,,"Softwood, Lumber",,,,,,,"Assembly Code=B1010 | Assembly Description=Floor Construction | Cut Length=56' - 6 1/2"" | End Level Offset=-0' - 10"" | Reference Level=L 1 | Reference Level Elevation=15' - 0"" | Start Level Offset=-0' - 10"" | Structural Material=Softwood, Lumber | System Length=58' - 0"" | Volume=100.52 CF | y Offset Value=0' - 0"" | z Offset Value=0' - 0"""
594455,Structural Framing,TJL Wood Open Web Joist,30'',,,B1010,,,,,,,4.28 CF,,,,,,,,,,"Assembly Code=B1010 | Assembly Description=Floor Construction | Chord Depth=0' - 1 1/2"" | Chord Width=0' - 3 1/2"" | Cut Length=58' - 8 3/4"" | Depth=2' - 6"" | End Level Offset=0' - 0"" | End Offset=0' - 0"" | Offset Length 1=0' - 8"" | Offset Length 2=0' - 8"" | PanelArrayLength=57' - 4 3/4"" | PanelWidth=5' - 2 5/8"" | Reference Level=Roof | Reference Level Elevation=30' - 0"" | Start Level Offset=0' - 0"" | Start Offset=0' - 0"" | System Length=58' - 8 3/4"" | Volume=4.28 CF | Web Thickness=0' - 1"" | y Offset Value=0' - 0"" | z Offset Value=0' - 0"""
594592,Structural Columns,Concrete-Rectangular-Column,18x18,L -1,,A1010,,,,,,,42.75 CF,,,"Concrete, Cast-in-Place gray",,L -1,L 0,"-4' - 0""","0' - 0""",,"Assembly Code=A1010 | Assembly Description=Standard Foundations | Base Level=L -1 | Base Offset=-4' - 0"" | Column Location Mark=H-10 | Level=L -1 | Structural Material=Concrete, Cast-in-Place gray | System Length=19' - 0"" | Top Level=L 0 | Top Offset=0' - 0"" | Volume=42.75 CF"
594720,Structural Framing,Concrete-Rectangular Beam,16 x 16,,,A1010,,,,,,,1.30 CF,,,"Concrete, Cast-in-Place gray",,,,,,,"Assembly Code=A1010 | Assembly Description=Standard Foundations | Cut Length=1' - 5"" | End Level Offset=0' - 0"" | Reference Level=L -1 | Reference Level Elevation=-15' - 0"" | Start Level Offset=0' - 0"" | Structural Material=Concrete, Cast-in-Place gray | System Length=0' - 0"" | Volume=1.30 CF | y Offset Value=0' - 0"" | z Offset Value=0' - 0"""
594772,Structural Foundations,Footing-Rectangular,"36"" x 36"" x 12""",L -1,,,,"3' - 0""","3' - 0""",,,9 SF,9.00 CF,,,"Concrete, Cast-in-Place gray",,,,,,,"Area=9 SF | Foundation Thickness=1' - 0"" | Height Offset From Level=-4' - 0"" | Length=3' - 0"" | Level=L -1 | Structural Material=Concrete, Cast-in-Place gray | Volume=9.00 CF | Width=3' - 0"""
594845,Structural Foundations,Footing-Rectangular,"36"" x 36"" x 12""",L -1,,,,"3' - 0""","3' - 0""",,,9 SF,9.00 CF,,,"Concrete, Cast-in-Place gray",,,,,,,"Area=9 SF | Foundation Thickness=1' - 0"" | Height Offset From Level=-4' - 0"" | Length=3' - 0"" | Level=L -1 | Structural Material=Concrete, Cast-in-Place gray | Volume=9.00 CF | Width=3' - 0"""
595047,Structural Columns,Timber-Column,18x18,L 0,,B1010,,,,,,,31.90 CF,,,"Softwood, Lumber",,L 0,L 1,"0' - 0""","0' - 0""",,"Assembly Code=B1010 | Assembly Description=Floor Construction | Base Level=L 0 | Base Offset=0' - 0"" | Column Location Mark=H-10 | Level=L 0 | Structural Material=Softwood, Lumber | System Length=15' - 0"" | Top Level=L 1 | Top Offset=0' - 0"" | Volume=31.90 CF"
595341,Structural Framing,Glulam-Western Species,16x16,,,B1010,,,,,,,16.48 CF,,,"Softwood, Lumber",,,,,,,"Assembly Code=B1010 | Assembly Description=Floor Construction | Cut Length=9' - 3 1/4"" | End Level Offset=-0' - 10"" | Reference Level=L 1 | Reference Level Elevation=15' - 0"" | Start Level Offset=-0' - 10"" | Structural Material=Softwood, Lumber | System Length=10' - 0"" | Volume=16.48 CF | y Offset Value=0' - 0"" | z Offset Value=0' - 0"""
595388,Structural Framing,Glulam-Western Species,16x16,,,B1010,,,,,,,16.48 CF,,,"Softwood, Lumber",,,,,,,"Assembly Code=B1010 | Assembly Description=Floor Construction | Cut Length=9' - 3 1/4"" | End Level Offset=-0' - 10"" | Reference Level=L 1 | Reference Level Elevation=15' - 0"" | Start Level Offset=-0' - 10"" | Structural Material=Softwood, Lumber | System Length=10' - 0"" | Volume=16.48 CF | y Offset Value=0' - 0"" | z Offset Value=0' - 0"""
595428,Structural Framing,Glulam-Western Species,16x16,,,B1010,,,,,,,16.48 CF,,,"Softwood, Lumber",,,,,,,"Assembly Code=B1010 | Assembly Description=Floor Construction | Cut Length=9' - 3 1/4"" | End Level Offset=-0' - 10"" | Reference Level=L 1 | Reference Level Elevation=15' - 0"" | Start Level Offset=-0' - 10"" | Structural Material=Softwood, Lumber | System Length=10' - 0"" | Volume=16.48 CF | y Offset Value=0' - 0"" | z Offset Value=0' - 0"""
595462,Structural Framing,Glulam-Western Species,16x16,,,B1010,,,,,,,16.48 CF,,,"Softwood, Lumber",,,,,,,"Assembly Code=B1010 | Assembly Description=Floor Construction | Cut Length=9' - 3 1/4"" | End Level Offset=-0' - 10"" | Reference Level=L 1 | Reference Level Elevation=15' - 0"" | Start Level Offset=-0' - 10"" | Structural Material=Softwood, Lumber | System Length=10' - 0"" | Volume=16.48 CF | y Offset Value=0' - 0"" | z Offset Value=0' - 0"""
595495,Structural Framing,Glulam-Western Species,16x16,,,B1010,,,,,,,16.48 CF,,,"Softwood, Lumber",,,,,,,"Assembly Code=B1010 | Assembly Description=Floor Construction | Cut Length=9' - 3 1/4"" | End Level Offset=-0' - 10"" | Reference Level=L 1 | Reference Level Elevation=15' - 0"" | Start Level Offset=-0' - 10"" | Structural Material=Softwood, Lumber | System Length=10' - 0"" | Volume=16.48 CF | y Offset Value=0' - 0"" | z Offset Value=0' - 0"""
595529,Structural Framing,Glulam-Western Species,16x16,,,B1010,,,,,,,16.48 CF,,,"Softwood, Lumber",,,,,,,"Assembly Code=B1010 | Assembly Description=Floor Construction | Cut Length=9' - 3 1/4"" | End Level Offset=-0' - 10"" | Reference Level=L 1 | Reference Level Elevation=15' - 0"" | Start Level Offset=-0' - 10"" | Structural Material=Softwood, Lumber | System Length=10' - 0"" | Volume=16.48 CF | y Offset Value=0' - 0"" | z Offset Value=0' - 0"""
595568,Structural Framing,Glulam-Western Species,16x16,,,B1010,,,,,,,16.48 CF,,,"Softwood, Lumber",,,,,,,"Assembly Code=B1010 | Assembly Description=Floor Construction | Cut Length=9' - 3 1/4"" | End Level Offset=-0' - 10"" | Reference Level=L 1 | Reference Level Elevation=15' - 0"" | Start Level Offset=-0' - 10"" | Structural Material=Softwood, Lumber | System Length=10' - 0"" | Volume=16.48 CF | y Offset Value=0' - 0"" | z Offset Value=0' - 0"""
595603,Structural Framing,Glulam-Western Species,16x16,,,B1010,,,,,,,16.48 CF,,,"Softwood, Lumber",,,,,,,"Assembly Code=B1010 | Assembly Description=Floor Construction | Cut Length=9' - 3 1/4"" | End Level Offset=-0' - 10"" | Reference Level=L 1 | Reference Level Elevation=15' - 0"" | Start Level Offset=-0' - 10"" | Structural Material=Softwood, Lumber | System Length=10' - 0"" | Volume=16.48 CF | y Offset Value=0' - 0"" | z Offset Value=0' - 0"""
595643,Structural Framing,Glulam-Western Species,16x16,,,B1010,,,,,,,16.48 CF,,,"Softwood, Lumber",,,,,,,"Assembly Code=B1010 | Assembly Description=Floor Construction | Cut Length=9' - 3 1/4"" | End Level Offset=-0' - 10"" | Reference Level=L 1 | Reference Level Elevation=15' - 0"" | Start Level Offset=-0' - 10"" | Structural Material=Softwood, Lumber | System Length=10' - 0"" | Volume=16.48 CF | y Offset Value=0' - 0"" | z Offset Value=0' - 0"""
595684,Structural Framing,Glulam-Western Species,16x16,,,B1010,,,,,,,16.48 CF,,,"Softwood, Lumber",,,,,,,"Assembly Code=B1010 | Assembly Description=Floor Construction | Cut Length=9' - 3 1/4"" | End Level Offset=-0' - 10"" | Reference Level=L 1 | Reference Level Elevation=15' - 0"" | Start Level Offset=-0' - 10"" | Structural Material=Softwood, Lumber | System Length=10' - 0"" | Volume=16.48 CF | y Offset Value=0' - 0"" | z Offset Value=0' - 0"""
595742,Structural Framing,Glulam-Western Species,16x16,,,B1010,,,,,,,16.48 CF,,,"Softwood, Lumber",,,,,,,"Assembly Code=B1010 | Assembly Description=Floor Construction | Cut Length=9' - 3 1/4"" | End Level Offset=-0' - 10"" | Reference Level=L 1 | Reference Level Elevation=15' - 0"" | Start Level Offset=-0' - 10"" | Structural Material=Softwood, Lumber | System Length=10' - 0"" | Volume=16.48 CF | y Offset Value=0' - 0"" | z Offset Value=0' - 0"""
595770,Structural Framing,Glulam-Western Species,16x16,,,B1010,,,,,,,16.48 CF,,,"Softwood, Lumber",,,,,,,"Assembly Code=B1010 | Assembly Description=Floor Construction | Cut Length=9' - 3 1/4"" | End Level Offset=-0' - 10"" | Reference Level=L 1 | Reference Level Elevation=15' - 0"" | Start Level Offset=-0' - 10"" | Structural Material=Softwood, Lumber | System Length=10' - 0"" | Volume=16.48 CF | y Offset Value=0' - 0"" | z Offset Value=0' - 0"""
595846,Structural Framing,Glulam-Western Species,16x16,,,B1010,,,,,,,16.48 CF,,,"Softwood, Lumber",,,,,,,"Assembly Code=B1010 | Assembly Description=Floor Construction | Cut Length=9' - 3 1/4"" | End Level Offset=-0' - 10"" | Reference Level=Roof | Reference Level Elevation=30' - 0"" | Start Level Offset=-0' - 10"" | Structural Material=Softwood, Lumber | System Length=10' - 0"" | Volume=16.48 CF | y Offset Value=0' - 0"" | z Offset Value=0' - 0"""
595878,Structural Framing,Glulam-Western Species,16x16,,,B1010,,,,,,,16.48 CF,,,"Softwood, Lumber",,,,,,,"Assembly Code=B1010 | Assembly Description=Floor Construction | Cut Length=9' - 3 1/4"" | End Level Offset=-0' - 10"" | Reference Level=Roof | Reference Level Elevation=30' - 0"" | Start Level Offset=-0' - 10"" | Structural Material=Softwood, Lumber | System Length=10' - 0"" | Volume=16.48 CF | y Offset Value=0' - 0"" | z Offset Value=0' - 0"""
595900,Structural Framing,Glulam-Western Species,16x16,,,B1010,,,,,,,16.48 CF,,,"Softwood, Lumber",,,,,,,"Assembly Code=B1010 | Assembly Description=Floor Construction | Cut Length=9' - 3 1/4"" | End Level Offset=-0' - 10"" | Reference Level=Roof | Reference Level Elevation=30' - 0"" | Start Level Offset=-0' - 10"" | Structural Material=Softwood, Lumber | System Length=10' - 0"" | Volume=16.48 CF | y Offset Value=0' - 0"" | z Offset Value=0' - 0"""
595933,Structural Framing,Glulam-Western Species,16x16,,,B1010,,,,,,,16.48 CF,,,"Softwood, Lumber",,,,,,,"Assembly Code=B1010 | Assembly Description=Floor Construction | Cut Length=9' - 3 1/4"" | End Level Offset=-0' - 10"" | Reference Level=Roof | Reference Level Elevation=30' - 0"" | Start Level Offset=-0' - 10"" | Structural Material=Softwood, Lumber | System Length=10' - 0"" | Volume=16.48 CF | y Offset Value=0' - 0"" | z Offset Value=0' - 0"""
595972,Structural Framing,Glulam-Western Species,16x16,,,B1010,,,,,,,16.48 CF,,,"Softwood, Lumber",,,,,,,"Assembly Code=B1010 | Assembly Description=Floor Construction | Cut Length=9' - 3 1/4"" | End Level Offset=-0' - 10"" | Reference Level=Roof | Reference Level Elevation=30' - 0"" | Start Level Offset=-0' - 10"" | Structural Material=Softwood, Lumber | System Length=10' - 0"" | Volume=16.48 CF | y Offset Value=0' - 0"" | z Offset Value=0' - 0"""
595994,Structural Framing,Glulam-Western Species,16x16,,,B1010,,,,,,,16.48 CF,,,"Softwood, Lumber",,,,,,,"Assembly Code=B1010 | Assembly Description=Floor Construction | Cut Length=9' - 3 1/4"" | End Level Offset=-0' - 10"" | Reference Level=Roof | Reference Level Elevation=30' - 0"" | Start Level Offset=-0' - 10"" | Structural Material=Softwood, Lumber | System Length=10' - 0"" | Volume=16.48 CF | y Offset Value=0' - 0"" | z Offset Value=0' - 0"""
596023,Structural Framing,Glulam-Western Species,16x16,,,B1010,,,,,,,16.48 CF,,,"Softwood, Lumber",,,,,,,"Assembly Code=B1010 | Assembly Description=Floor Construction | Cut Length=9' - 3 1/4"" | End Level Offset=-0' - 10"" | Reference Level=Roof | Reference Level Elevation=30' - 0"" | Start Level Offset=-0' - 10"" | Structural Material=Softwood, Lumber | System Length=10' - 0"" | Volume=16.48 CF | y Offset Value=0' - 0"" | z Offset Value=0' - 0"""
596056,Structural Framing,Glulam-Western Species,16x16,,,B1010,,,,,,,16.48 CF,,,"Softwood, Lumber",,,,,,,"Assembly Code=B1010 | Assembly Description=Floor Construction | Cut Length=9' - 3 1/4"" | End Level Offset=-0' - 10"" | Reference Level=Roof | Reference Level Elevation=30' - 0"" | Start Level Offset=-0' - 10"" | Structural Material=Softwood, Lumber | System Length=10' - 0"" | Volume=16.48 CF | y Offset Value=0' - 0"" | z Offset Value=0' - 0"""
596087,Structural Framing,Glulam-Western Species,16x16,,,B1010,,,,,,,16.48 CF,,,"Softwood, Lumber",,,,,,,"Assembly Code=B1010 | Assembly Description=Floor Construction | Cut Length=9' - 3 1/4"" | End Level Offset=-0' - 10"" | Reference Level=Roof | Reference Level Elevation=30' - 0"" | Start Level Offset=-0' - 10"" | Structural Material=Softwood, Lumber | System Length=10' - 0"" | Volume=16.48 CF | y Offset Value=0' - 0"" | z Offset Value=0' - 0"""
596117,Structural Framing,Glulam-Western Species,16x16,,,B1010,,,,,,,16.48 CF,,,"Softwood, Lumber",,,,,,,"Assembly Code=B1010 | Assembly Description=Floor Construction | Cut Length=9' - 3 1/4"" | End Level Offset=-0' - 10"" | Reference Level=Roof | Reference Level Elevation=30' - 0"" | Start Level Offset=-0' - 10"" | Structural Material=Softwood, Lumber | System Length=10' - 0"" | Volume=16.48 CF | y Offset Value=0' - 0"" | z Offset Value=0' - 0"""
596144,Structural Framing,Glulam-Western Species,16x16,,,B1010,,,,,,,16.48 CF,,,"Softwood, Lumber",,,,,,,"Assembly Code=B1010 | Assembly Description=Floor Construction | Cut Length=9' - 3 1/4"" | End Level Offset=-0' - 10"" | Reference Level=Roof | Reference Level Elevation=30' - 0"" | Start Level Offset=-0' - 10"" | Structural Material=Softwood, Lumber | System Length=10' - 0"" | Volume=16.48 CF | y Offset Value=0' - 0"" | z Offset Value=0' - 0"""
596171,Structural Framing,Glulam-Western Species,16x16,,,B1010,,,,,,,16.48 CF,,,"Softwood, Lumber",,,,,,,"Assembly Code=B1010 | Assembly Description=Floor Construction | Cut Length=9' - 3 1/4"" | End Level Offset=-0' - 10"" | Reference Level=Roof | Reference Level Elevation=30' - 0"" | Start Level Offset=-0' - 10"" | Structural Material=Softwood, Lumber | System Length=10' - 0"" | Volume=16.48 CF | y Offset Value=0' - 0"" | z Offset Value=0' - 0"""
596502,Structural Framing,Concrete-Rectangular Beam,16 x 16,,,A1010,,,,,,,48.89 CF,,,"Concrete, Cast-in-Place gray",,,,,,,"Assembly Code=A1010 | Assembly Description=Standard Foundations | Cut Length=27' - 6"" | End Level Offset=0' - 0"" | Reference Level=L -1 | Reference Level Elevation=-15' - 0"" | Start Level Offset=0' - 0"" | Structural Material=Concrete, Cast-in-Place gray | System Length=29' - 0"" | Volume=48.89 CF | y Offset Value=0' - 0"" | z Offset Value=0' - 0"""
596529,Structural Framing,Concrete-Rectangular Beam,16 x 16,,,A1010,,,,,,,97.78 CF,,,"Concrete, Cast-in-Place gray",,,,,,,"Assembly Code=A1010 | Assembly Description=Standard Foundations | Cut Length=56' - 6"" | End Level Offset=0' - 0"" | Reference Level=L -1 | Reference Level Elevation=-15' - 0"" | Start Level Offset=0' - 0"" | Structural Material=Concrete, Cast-in-Place gray | System Length=58' - 0"" | Volume=97.78 CF | y Offset Value=0' - 0"" | z Offset Value=0' - 0"""
596572,Structural Framing,Concrete-Rectangular Beam,16 x 16,,,A1010,,,,,,,97.93 CF,,,"Concrete, Cast-in-Place gray",,,,,,,"Assembly Code=A1010 | Assembly Description=Standard Foundations | Cut Length=56' - 7"" | End Level Offset=0' - 0"" | Reference Level=L -1 | Reference Level Elevation=-15' - 0"" | Start Level Offset=0' - 0"" | Structural Material=Concrete, Cast-in-Place gray | System Length=58' - 0"" | Volume=97.93 CF | y Offset Value=0' - 0"" | z Offset Value=0' - 0"""
596883,Structural Foundations,,"Bearing Footing - 36"" x 12""",,,,,"58' - 0""","3' - 0""",,,174 SF,174.00 CF,,,"Concrete, Cast-in-Place gray",,,,,,,"Area=174 SF | Default End Extension Length=0' - 0"" | Foundation Thickness=1' - 0"" | Length=58' - 0"" | Structural Material=Concrete, Cast-in-Place gray | Volume=174.00 CF | Width=3' - 0"""
598311,Structural Columns,Concrete-Rectangular-Column,18x18,L -1,,A1010,,,,,,,42.75 CF,,,"Concrete, Cast-in-Place gray",,L -1,L 0,"-4' - 0""","0' - 0""",,"Assembly Code=A1010 | Assembly Description=Standard Foundations | Base Level=L -1 | Base Offset=-4' - 0"" | Column Location Mark=F-8 | Level=L -1 | Structural Material=Concrete, Cast-in-Place gray | System Length=19' - 0"" | Top Level=L 0 | Top Offset=0' - 0"" | Volume=42.75 CF"
598365,Structural Columns,Concrete-Rectangular-Column,18x18,L -1,,A1010,,,,,,,42.75 CF,,,"Concrete, Cast-in-Place gray",,L -1,L 0,"-4' - 0""","0' - 0""",,"Assembly Code=A1010 | Assembly Description=Standard Foundations | Base Level=L -1 | Base Offset=-4' - 0"" | Column Location Mark=H-8 | Level=L -1 | Structural Material=Concrete, Cast-in-Place gray | System Length=19' - 0"" | Top Level=L 0 | Top Offset=0' - 0"" | Volume=42.75 CF"
598390,Structural Columns,Concrete-Rectangular-Column,18x18,L -1,,A1010,,,,,,,42.75 CF,,,"Concrete, Cast-in-Place gray",,L -1,L 0,"-4' - 0""","0' - 0""",,"Assembly Code=A1010 | Assembly Description=Standard Foundations | Base Level=L -1 | Base Offset=-4' - 0"" | Column Location Mark=J-8 | Level=L -1 | Structural Material=Concrete, Cast-in-Place gray | System Length=19' - 0"" | Top Level=L 0 | Top Offset=0' - 0"" | Volume=42.75 CF"
598659,Structural Foundations,,"6"" Foundation Slab",L 0,,A1030,,"58' - 0""","59' - 6""",,,3451 SF,1725.50 CF,,,"Concrete, Cast-in-Place gray",,,,,,,"Area=3451 SF | Assembly Code=A1030 | Assembly Description=Slab on Grade | Core Thickness=0' - 6"" | Default Thickness=0' - 6"" | Foundation Thickness=0' - 6"" | Height Offset From Level=0' - 0"" | Length=58' - 0"" | Level=L 0 | Related to Mass=False | Structural Material=Concrete, Cast-in-Place gray | Thermal Mass=11.2658 BTU/(ft²·°F) | Thickness=0' - 6"" | Volume=1725.50 CF | Width=59' - 6"""
